trial,block,target_1,target_2,task_relevance,category,duration,SOA,SOA_lock,pitch,orientation,identity,stim_jit,session,onset_SOA,texture,vis_stim_time,time_of_resp_vis,has_repsonse_vis,trial_repsonse_vis,aud_stim_buff,aud_stim_time,aud_resp,trial_accuracy_aud,time_of_resp_aud,trial_first_button_press,trial_second_button_press,fix_time,JitOnset,trial_end,TargetScreenOnset
1,1,letter_17,false_font_19,irrelevant,object,0.506666666666667,0.232,offset,high,right,object_20,1.03333333333333,1,0.738666666666667,250,174148.5755981,NaN,0,cr,1,174149.3147004,1100,1,174150.8905759,0,1100,174149.0897332,174150.5713009,174151.5978903,174142.5427705
2,1,letter_17,false_font_19,non-target,letter,0.506666666666667,0,offset,low,center,letter_19,0.513333333333333,1,0.506666666666667,29,174151.6084722,NaN,0,cr,2,174152.1057045,0,NaN,NaN,0,0,174152.1118836,174153.6032635,174154.1109503,0
3,1,letter_17,false_font_19,irrelevant,object,1,0.232,offset,low,left,object_13,0.62,1,1.232,223,174154.1194433,NaN,0,cr,2,174155.342382,0,NaN,NaN,0,0,174155.1149038,174156.1151019,174156.7284978,0
4,1,letter_17,false_font_19,non-target,letter,1,0,onset,high,right,letter_03,0.566666666666667,1,0,53,174156.7363503,NaN,0,cr,1,174156.7382679,0,NaN,NaN,0,0,174157.7317075,174158.731402,174159.2921892,0
5,1,letter_17,false_font_19,non-target,letter,1.49333333333333,0.116,offset,low,center,letter_16,1.04666666666667,1,1.60933333333333,26,174159.3016932,NaN,0,cr,2,174160.9022483,0,NaN,NaN,0,0,174160.7906994,174161.2969277,174162.3378391,0
6,1,letter_17,false_font_19,non-target,false_font,1.49333333333333,0.116,offset,low,left,false_font_01,0.793333333333333,1,1.60933333333333,151,174162.345799,NaN,0,cr,2,174163.9452035,0,NaN,NaN,0,0,174163.834477,174164.3418085,174165.1282254,0
7,1,letter_17,false_font_19,target,letter,0.506666666666667,0.116,offset,high,center,letter_17,0.74,1,0.622666666666667,27,174165.1346775,NaN,0,miss,1,174165.7469807,0,NaN,NaN,0,0,174165.636754,174167.1303025,174167.8636264,0
8,1,letter_17,false_font_19,non-target,false_font,1,0,onset,low,right,false_font_06,0.633333333333333,1,0,176,174167.869778,NaN,0,cr,2,174167.872895,0,NaN,NaN,0,0,174168.8649711,174169.8653508,174170.4920989,0
9,1,letter_17,false_font_19,irrelevant,object,1,0,onset,low,left,object_14,0.78,1,0,224,174170.4987677,NaN,0,cr,2,174170.5004841,0,NaN,NaN,0,0,174171.4937523,174172.494097,174173.2676664,0
10,1,letter_17,false_font_19,irrelevant,object,0.506666666666667,0.232,offset,high,center,object_18,0.526666666666667,1,0.738666666666667,208,174173.2744817,NaN,0,cr,1,174174.002904,0,NaN,NaN,0,0,174173.7765512,174175.2694392,174175.7904727,0
11,1,letter_17,false_font_19,irrelevant,object,0.506666666666667,0.116,onset,high,right,object_11,0.54,1,0.116,241,174175.7969497,NaN,0,cr,1,174175.9028443,0,NaN,NaN,0,0,174176.2986351,174177.7921685,174178.3260507,0
12,1,letter_17,false_font_19,target,letter,1,0,onset,high,center,letter_17,0.54,1,0,27,174178.3327331,NaN,0,miss,1,174178.334772,0,NaN,NaN,0,0,174179.3283438,174180.328173,174180.8617212,0
13,1,letter_17,false_font_19,non-target,false_font,0.506666666666667,0.232,offset,low,center,false_font_14,0.926666666666667,1,0.738666666666667,144,174180.8682551,NaN,0,cr,2,174181.5968159,0,NaN,NaN,0,0,174181.3700816,174182.8637261,174183.7838616,0
14,1,letter_17,false_font_19,irrelevant,face,0.506666666666667,0.116,offset,high,left,face_03,0.553333333333333,1,0.622666666666667,93,174183.7906748,NaN,0,cr,1,174184.4032051,0,NaN,NaN,0,0,174184.2925489,174185.7857627,174186.3331748,0
15,1,letter_17,false_font_19,non-target,letter,1,0,onset,low,center,letter_04,0.74,1,0,14,174186.3401448,NaN,0,cr,2,174186.3430386,0,NaN,NaN,0,0,174187.3348393,174188.3350334,174189.0691081,0
16,1,letter_17,false_font_19,non-target,false_font,1.49333333333333,0,offset,low,center,false_font_06,0.873333333333333,1,1.49333333333333,136,174189.0756657,NaN,0,cr,2,174190.5586304,0,NaN,NaN,0,0,174190.564015,174191.0708262,174191.9382957,0
17,1,letter_17,false_font_19,non-target,false_font,0.506666666666667,0.232,onset,high,left,false_font_15,0.54,1,0.232,165,174191.9449445,NaN,0,cr,1,174192.1668183,0,NaN,NaN,0,0,174192.4480206,174193.9401924,174194.4739111,0
18,1,letter_17,false_font_19,irrelevant,face,0.506666666666667,0,onset,low,left,face_10,0.686666666666667,1,0,100,174194.4807515,NaN,0,cr,2,174194.4818947,0,NaN,NaN,0,0,174194.9825462,174196.4754437,174197.1563601,0
19,1,letter_17,false_font_19,irrelevant,face,1,0,offset,high,left,face_14,0.806666666666667,1,1,104,174197.1630965,NaN,0,cr,1,174198.15307,0,NaN,NaN,0,0,174198.1591285,174199.1581135,174199.958695,0
20,1,letter_17,false_font_19,non-target,letter,1,0.232,offset,low,center,letter_03,0.673333333333333,1,1.232,13,174199.965322,NaN,0,cr,2,174201.1872531,0,NaN,NaN,0,0,174200.9605893,174201.9607108,174202.6277238,0
21,1,letter_17,false_font_19,irrelevant,face,1.49333333333333,0.116,onset,low,left,face_05,0.553333333333333,1,0.116,95,174202.6343483,NaN,0,cr,2,174202.740206,0,NaN,NaN,0,0,174204.1225251,174204.6296392,174205.1767095,0
22,1,letter_17,false_font_19,irrelevant,face,0.506666666666667,0,offset,high,center,face_11,0.54,1,0.506666666666667,81,174205.1832827,NaN,0,cr,1,174205.6800064,0,NaN,NaN,0,0,174205.6858628,174207.1783527,174207.7125929,0
23,1,letter_17,false_font_19,target,letter,0.506666666666667,0.116,onset,low,right,letter_17,0.62,1,0.116,67,174207.7185719,NaN,0,miss,2,174207.8243571,0,NaN,NaN,0,0,174208.2203222,174209.7135256,174210.3277753,0
24,1,letter_17,false_font_19,irrelevant,face,1.49333333333333,0,onset,high,left,face_11,0.646666666666667,1,0,101,174210.3346805,NaN,0,cr,1,174210.335843,0,NaN,NaN,0,0,174211.823298,174212.3295897,174212.9707975,0
25,1,letter_17,false_font_19,irrelevant,object,1.49333333333333,0,onset,low,right,object_06,0.566666666666667,1,0,236,174212.9775392,NaN,0,cr,2,174212.9810613,0,NaN,NaN,0,0,174214.4657388,174214.9733146,174215.5334533,0
26,1,letter_17,false_font_19,non-target,false_font,0.506666666666667,0.116,onset,high,center,false_font_18,0.74,1,0.116,148,174215.5398751,NaN,0,cr,1,174215.6456809,0,NaN,NaN,0,0,174216.042041,174217.5344279,174218.2688371,0
27,1,letter_17,false_font_19,target,false_font,1.49333333333333,0.466,onset,high,right,false_font_19,0.633333333333333,1,0.466,189,174218.2755755,NaN,0,miss,1,174218.7316263,0,NaN,NaN,0,0,174219.7639604,174220.2710084,174220.8981445,0
28,1,letter_17,false_font_19,irrelevant,object,1,0.232,offset,low,center,object_06,0.526666666666667,1,1.232,196,174220.9045618,NaN,0,cr,2,174222.1266432,0,NaN,NaN,0,0,174221.8997851,174222.8997048,174223.4201547,0
29,1,letter_17,false_font_19,target,letter,1.49333333333333,0.232,offset,high,right,letter_17,0.886666666666667,1,1.72533333333333,67,174223.4264593,NaN,0,miss,1,174225.1418716,0,NaN,NaN,0,0,174224.9150834,174225.4216267,174226.3022353,0
30,1,letter_17,false_font_19,non-target,letter,0.506666666666667,0.116,onset,high,left,letter_14,0.566666666666667,1,0.116,44,174226.3085751,NaN,0,cr,1,174226.4147446,0,NaN,NaN,0,0,174226.8103408,174228.3041875,174228.8644893,0
31,1,letter_17,false_font_19,non-target,letter,1.49333333333333,0.116,onset,low,right,letter_15,0.873333333333333,1,0.116,65,174228.8708793,NaN,0,cr,2,174228.9765717,0,NaN,NaN,0,0,174230.3585469,174230.8656624,174231.7335084,0
32,1,letter_17,false_font_19,non-target,false_font,1,0,offset,low,center,false_font_16,0.566666666666667,1,1,146,174231.7399279,NaN,0,cr,2,174232.7300837,0,NaN,NaN,0,0,174232.736115,174233.7352472,174234.2956178,0
33,1,letter_17,false_font_19,non-target,letter,1,0.116,onset,high,right,letter_01,0.646666666666667,1,0.116,51,174234.3021579,NaN,0,cr,1,174234.4081319,0,NaN,NaN,0,0,174235.2975145,174236.2973777,174236.938074,0
34,1,letter_17,false_font_19,irrelevant,face,0.506666666666667,0.466,offset,high,center,face_13,0.753333333333333,1,0.972666666666667,83,174236.9446555,NaN,0,cr,1,174237.9078842,0,NaN,NaN,0,0,174237.4457962,174238.9396268,174239.6873384,0
35,1,letter_17,false_font_19,non-target,false_font,1,0,offset,low,right,false_font_16,0.886666666666667,1,1,186,174239.6931428,NaN,0,cr,2,174240.6835693,0,NaN,NaN,0,0,174240.6891079,174241.6880442,174242.5692798,0
36,1,letter_17,false_font_19,irrelevant,face,0.506666666666667,0.466,offset,low,center,face_05,0.686666666666667,1,0.972666666666667,75,174242.5752876,NaN,0,cr,2,174243.5390409,0,NaN,NaN,0,0,174243.0765526,174244.5706402,174245.2511353,0
37,1,letter_17,false_font_19,irrelevant,object,1,0.466,onset,high,left,object_05,0.66,1,0.466,215,174245.2576217,NaN,0,cr,1,174245.7135197,0,NaN,NaN,0,0,174246.2529756,174247.2529294,174247.9066298,0
38,2,letter_05,false_font_16,target,false_font,0.506666666666667,0,onset,high,right,false_font_16,1.12666666666667,1,0,186,174256.3730518,NaN,0,miss,1,174256.3802741,1100,1,174258.0823468,0,1100,174256.8772322,174258.3681065,174259.4887393,174253.1507865
39,2,letter_05,false_font_16,irrelevant,face,1.49333333333333,0,offset,low,center,face_02,0.713333333333333,1,1.49333333333333,72,174259.4968956,NaN,0,cr,2,174260.9802669,1000,1,174261.5343341,0,1000,174260.9865564,174261.4928439,174262.1991283,0
40,2,letter_05,false_font_16,non-target,letter,1,0.116,offset,low,right,letter_13,0.553333333333333,1,1.116,63,174262.2058397,NaN,0,cr,2,174263.3118475,1100,0,174263.813464,0,1100,174263.2009029,174264.2008606,174264.7480712,0
41,2,letter_05,false_font_16,irrelevant,object,0.506666666666667,0.232,onset,high,right,object_03,0.58,1,0.232,233,174264.7543416,NaN,0,cr,1,174264.9763864,1000,0,174265.8701404,0,1000,174265.2561964,174266.7493615,174267.3232435,0
42,2,letter_05,false_font_16,non-target,false_font,1.49333333333333,0.116,onset,low,right,false_font_18,0.593333333333333,1,0.116,188,174267.3297498,NaN,0,cr,2,174267.4357485,1000,1,174268.374317,0,1000,174268.8181914,174269.3243731,174269.9119822,0
43,2,letter_05,false_font_16,non-target,false_font,0.506666666666667,0.116,offset,high,right,false_font_12,0.806666666666667,1,0.622666666666667,182,174269.9183993,NaN,0,cr,1,174270.5308041,1100,1,174270.9454448,0,1100,174270.4206684,174271.9133822,174272.7139707,0
44,2,letter_05,false_font_16,non-target,letter,1.49333333333333,0.116,onset,high,left,letter_11,0.66,1,0.116,41,174272.7208039,NaN,0,cr,1,174272.8266964,1100,1,174273.4022078,0,1100,174274.2088802,174274.7155381,174275.3697019,0
45,2,letter_05,false_font_16,irrelevant,face,1.49333333333333,0.116,onset,high,center,face_10,1.12666666666667,1,0.116,80,174275.3765015,NaN,0,cr,1,174275.4823718,1100,1,174275.9812841,0,1100,174276.8646459,174277.3710064,174278.4920763,0
46,2,letter_05,false_font_16,non-target,false_font,1.49333333333333,0.116,onset,low,center,false_font_13,0.633333333333333,1,0.116,143,174278.498522,NaN,0,cr,2,174278.6043191,1000,1,174279.3016228,0,1000,174279.9867109,174280.4930582,174281.1207952,0
47,2,letter_05,false_font_16,non-target,false_font,0.506666666666667,0.116,onset,low,center,false_font_04,0.526666666666667,1,0.116,134,174281.127557,NaN,0,cr,2,174281.2335434,1100,0,174281.8176062,0,1100,174281.6296128,174283.1219922,174283.6431228,0
48,2,letter_05,false_font_16,irrelevant,object,0.506666666666667,0.232,onset,low,center,object_03,0.686666666666667,1,0.232,193,174283.6496972,NaN,0,cr,2,174283.8716823,1100,0,174284.6022345,0,1100,174284.1517463,174285.6446844,174286.3252705,0
49,2,letter_05,false_font_16,non-target,false_font,0.506666666666667,0,onset,low,center,false_font_03,0.713333333333333,1,0,133,174286.3317924,NaN,0,cr,2,174286.3330219,1000,1,174287.0213394,0,1000,174286.8337293,174288.3267265,174289.0340325,0
50,2,letter_05,false_font_16,non-target,letter,1,0,offset,high,center,letter_14,0.593333333333333,1,1,24,174289.0404041,NaN,0,cr,1,174290.030228,1100,1,174290.4654326,0,1100,174290.0364387,174291.035316,174291.6226355,0
51,2,letter_05,false_font_16,irrelevant,object,0.506666666666667,0.466,onset,low,center,object_08,0.553333333333333,1,0.466,198,174291.6294051,NaN,0,cr,2,174292.0852705,1000,1,174292.4740902,0,1000,174292.1312454,174293.6243346,174294.1716401,0
52,2,letter_05,false_font_16,irrelevant,object,1.49333333333333,0.232,offset,low,center,object_19,0.58,1,1.72533333333333,209,174294.1792894,NaN,0,cr,2,174295.8944431,1000,1,174296.3100969,0,1000,174295.6679389,174296.1745603,174296.7482239,0
53,2,letter_05,false_font_16,non-target,letter,1.49333333333333,0.232,onset,low,center,letter_14,0.526666666666667,1,0.232,24,174296.7556058,NaN,0,cr,2,174296.9775283,1000,1,174297.4173226,0,1000,174298.243661,174298.7502139,174299.2711866,0
54,2,letter_05,false_font_16,non-target,false_font,0.506666666666667,0.466,onset,low,left,false_font_10,0.526666666666667,1,0.466,160,174299.2781423,NaN,0,cr,2,174299.7342145,1000,1,174300.513454,0,1000,174299.7801272,174301.2725834,174301.7937107,0
55,2,letter_05,false_font_16,irrelevant,object,0.506666666666667,0.232,offset,low,center,object_09,0.966666666666667,1,0.738666666666667,199,174301.8004676,NaN,0,cr,2,174302.5291809,1000,1,174303.0258794,0,1000,174302.3022518,174303.7950792,174304.756038,0
56,2,letter_05,false_font_16,target,false_font,1,0.232,onset,high,right,false_font_16,0.886666666666667,1,0.232,186,174304.7625555,NaN,0,miss,1,174304.9844622,1100,1,174305.5533067,0,1100,174305.7578276,174306.7571001,174307.6381243,0
57,2,letter_05,false_font_16,target,letter,1,0.466,onset,low,right,letter_05,0.913333333333333,1,0.466,55,174307.6446632,174308.4900742,1,hit,2,174308.1007277,0,NaN,NaN,0,1,174308.6396892,174309.6392709,174310.546899,0
58,2,letter_05,false_font_16,irrelevant,face,1,0.116,onset,low,center,face_05,0.753333333333333,1,0.116,75,174310.5533424,NaN,0,cr,2,174310.6592436,1000,1,174311.4660766,0,1000,174311.547932,174312.5477499,174313.295585,0
59,2,letter_05,false_font_16,non-target,letter,0.506666666666667,0.466,offset,low,center,letter_17,0.873333333333333,1,0.972666666666667,27,174313.3020099,NaN,0,cr,2,174314.264819,1000,1,174314.674314,0,1000,174313.8040609,174315.296709,174316.1642446,0
60,2,letter_05,false_font_16,irrelevant,face,0.506666666666667,0,offset,low,center,face_18,0.553333333333333,1,0.506666666666667,88,174316.1707069,NaN,0,cr,2,174316.6670699,1000,1,174317.3261484,0,1000,174316.6727636,174318.1654854,174318.7129459,0
61,2,letter_05,false_font_16,irrelevant,face,1.49333333333333,0,onset,low,left,face_01,0.526666666666667,1,0,91,174318.7196199,NaN,0,cr,2,174318.7208133,1000,1,174319.4462288,0,1000,174320.207764,174320.714627,174321.2351852,0
62,2,letter_05,false_font_16,non-target,letter,0.506666666666667,0.466,onset,low,left,letter_01,0.513333333333333,1,0.466,31,174321.2418723,NaN,0,cr,2,174321.6978617,1000,1,174322.2180208,0,1000,174321.7429078,174323.2365984,174323.7441119,0
63,2,letter_05,false_font_16,non-target,letter,0.506666666666667,0,onset,high,center,letter_17,0.526666666666667,1,0,27,174323.7508075,NaN,0,cr,1,174323.7519621,1100,1,174324.3461503,0,1100,174324.2521239,174325.7457904,174326.2663757,0
64,2,letter_05,false_font_16,non-target,letter,1.49333333333333,0.116,offset,high,center,letter_16,0.633333333333333,1,1.60933333333333,26,174326.2726789,NaN,0,cr,1,174327.8717475,1100,1,174328.4977917,0,1100,174327.7608056,174328.2680544,174328.8949193,0
65,2,letter_05,false_font_16,target,false_font,1,0,onset,low,right,false_font_16,0.58,1,0,186,174328.9016527,174329.6179646,1,hit,2,174328.9028425,0,NaN,NaN,0,1,174329.8966874,174330.8965735,174331.4705551,0
66,2,letter_05,false_font_16,irrelevant,face,1,0.466,onset,low,center,face_02,0.54,1,0.466,72,174331.4772601,NaN,0,cr,2,174331.9331448,1000,1,174332.7461241,0,1000,174332.4724798,174333.4718549,174334.0061695,0
67,2,letter_05,false_font_16,non-target,false_font,1,0.116,onset,high,right,false_font_09,0.5,1,0.116,179,174334.0124035,NaN,0,cr,1,174334.1183574,1100,1,174334.757905,0,1100,174335.0074874,174336.0064589,174336.5013073,0
68,2,letter_05,false_font_16,irrelevant,face,0.506666666666667,0.116,onset,high,right,face_15,0.62,1,0.116,125,174336.5082132,NaN,0,cr,1,174336.6143662,1100,1,174337.1900816,0,1100,174337.0099724,174338.502981,174339.1171258,0
69,2,letter_05,false_font_16,irrelevant,object,0.506666666666667,0.466,onset,low,center,object_20,0.713333333333333,1,0.466,210,174339.1235049,NaN,0,cr,2,174339.579591,1000,1,174340.149854,0,1000,174339.62522,174341.1185067,174341.8257492,0
70,2,letter_05,false_font_16,irrelevant,object,1.49333333333333,0.232,offset,high,center,object_16,0.646666666666667,1,1.72533333333333,206,174341.832227,NaN,0,cr,1,174343.5476859,1100,1,174344.1092224,0,1100,174343.3206043,174343.8272971,174344.4677946,0
71,2,letter_05,false_font_16,non-target,false_font,0.506666666666667,0,onset,high,right,false_font_03,0.686666666666667,1,0,173,174344.4743746,NaN,0,cr,1,174344.475564,1100,1,174345.1098807,0,1100,174344.9764283,174346.4694118,174347.1499465,0
72,2,letter_05,false_font_16,irrelevant,face,0.506666666666667,0,onset,high,left,face_17,1.07333333333333,1,0,107,174347.1565157,NaN,0,cr,1,174347.1576344,1100,1,174347.6939584,0,1100,174347.6585669,174349.1514343,174350.218752,0
73,2,letter_05,false_font_16,irrelevant,object,0.506666666666667,0.116,onset,low,right,object_10,0.526666666666667,1,0.116,240,174350.225192,NaN,0,cr,2,174350.3312041,1000,1,174350.8854828,0,1000,174350.7269343,174352.2202438,174352.7407672,0
74,2,letter_05,false_font_16,target,false_font,0.506666666666667,0.232,offset,low,center,false_font_16,0.753333333333333,1,0.738666666666667,146,174352.7472807,174353.4620281,1,hit,2,174353.4754064,0,NaN,NaN,0,1,174353.2490778,174354.7426521,174355.4895328,0
75,3,face_16,object_10,non-target,object,1,0.232,onset,high,center,object_11,0.58,1,0.232,201,174376.559715,NaN,0,cr,1,174376.7815202,1100,1,174377.3931466,0,1100,174377.5558911,174378.5546539,174379.1286215,174373.3446268
76,3,face_16,object_10,irrelevant,false_font,0.506666666666667,0.232,onset,low,center,false_font_01,0.593333333333333,1,0.232,131,174379.1354614,NaN,0,cr,2,174379.3575069,1000,1,174379.9054357,0,1000,174379.637771,174381.1301233,174381.7177056,0
77,3,face_16,object_10,non-target,object,0.506666666666667,0.232,offset,low,center,object_20,0.553333333333333,1,0.738666666666667,210,174381.7241668,NaN,0,cr,2,174382.4526983,1000,1,174383.0614579,0,1000,174382.2257637,174383.719053,174384.2664238,0
78,3,face_16,object_10,irrelevant,false_font,0.506666666666667,0,offset,low,center,false_font_02,0.513333333333333,1,0.506666666666667,132,174384.273666,NaN,0,cr,2,174384.770329,1000,1,174385.3537537,0,1000,174384.7762809,174386.2677799,174386.775908,0
79,3,face_16,object_10,irrelevant,false_font,0.506666666666667,0.466,offset,low,center,false_font_10,0.62,1,0.972666666666667,140,174386.7823016,NaN,0,cr,2,174387.7448661,1000,1,174388.3091602,0,1000,174387.284227,174388.7768846,174389.3912224,0
80,3,face_16,object_10,non-target,face,1.49333333333333,0.232,onset,low,left,face_03,0.593333333333333,1,0.232,93,174389.3977082,NaN,0,cr,2,174389.6197615,1000,1,174390.3260231,0,1000,174390.8861182,174391.3921969,174391.9799446,0
81,3,face_16,object_10,target,face,0.506666666666667,0,onset,low,center,face_16,0.793333333333333,1,0,86,174391.9865147,NaN,0,miss,2,174391.987767,1100,0,174392.8013862,0,1100,174392.4884811,174393.9814881,174394.7687466,0
82,3,face_16,object_10,non-target,face,1.49333333333333,0,offset,low,right,face_11,0.806666666666667,1,1.49333333333333,121,174394.7754214,NaN,0,cr,2,174396.2586658,1000,1,174396.9291293,0,1000,174396.2644035,174396.7699312,174397.5709998,0
83,3,face_16,object_10,non-target,face,1.49333333333333,0,onset,low,center,face_19,0.553333333333333,1,0,89,174397.5776512,NaN,0,cr,2,174397.578951,1000,1,174398.2461362,0,1000,174399.0653521,174399.5718573,174400.1198877,0
84,3,face_16,object_10,irrelevant,letter,1,0.466,offset,low,center,letter_12,0.58,1,1.466,22,174400.1265233,NaN,0,cr,2,174401.5823252,1000,1,174402.0532357,0,1000,174401.1216751,174402.121138,174402.6954299,0
85,3,face_16,object_10,non-target,object,1.49333333333333,0.466,onset,high,center,object_01,0.873333333333333,1,0.466,191,174402.702436,NaN,0,cr,1,174403.1581926,1100,1,174403.649385,0,1100,174404.1904854,174404.69669,174405.5646775,0
86,3,face_16,object_10,irrelevant,letter,1.49333333333333,0.466,onset,low,right,letter_03,0.713333333333333,1,0.466,53,174405.5715838,NaN,0,cr,2,174406.0277154,1000,1,174406.5731878,0,1000,174407.0598711,174407.5654474,174408.273816,0
87,3,face_16,object_10,non-target,object,1,0.232,offset,low,left,object_05,0.5,1,1.232,215,174408.2804787,NaN,0,cr,2,174409.5028298,1000,1,174410.0219687,0,1000,174409.2750278,174410.275484,174410.769377,0
88,3,face_16,object_10,irrelevant,false_font,1.49333333333333,0.116,onset,high,center,false_font_20,0.726666666666667,1,0.116,150,174410.7761899,NaN,0,cr,1,174410.8820569,1100,1,174411.4818572,0,1100,174412.2642221,174412.7704264,174413.4917548,0
89,3,face_16,object_10,irrelevant,letter,1,0,offset,low,center,letter_04,0.606666666666667,1,1,14,174413.4982357,NaN,0,cr,2,174414.4878812,1000,1,174414.9378987,0,1000,174414.4939975,174415.4924247,174416.0938109,0
90,3,face_16,object_10,irrelevant,false_font,0.506666666666667,0,onset,high,center,false_font_12,0.62,1,0,142,174416.1003683,NaN,0,cr,1,174416.1015941,1100,1,174416.7139001,0,1100,174416.6020779,174418.0947698,174418.7092793,0
91,3,face_16,object_10,irrelevant,false_font,0.506666666666667,0.466,offset,low,left,false_font_05,0.7,1,0.972666666666667,155,174418.7159676,NaN,0,cr,2,174419.6785754,1000,1,174420.2180951,0,1000,174419.2175791,174420.7110191,174421.4048685,0
92,3,face_16,object_10,non-target,object,1.49333333333333,0.232,onset,low,right,object_14,0.94,1,0.232,244,174421.4116469,NaN,0,cr,2,174421.6336122,1000,1,174422.193947,0,1000,174422.9003076,174423.4064091,174424.340561,0
93,3,face_16,object_10,irrelevant,false_font,0.506666666666667,0.116,offset,low,right,false_font_19,0.593333333333333,1,0.622666666666667,189,174424.3468045,NaN,0,cr,2,174424.9595239,1000,1,174425.5057477,0,1000,174424.8485278,174426.3413733,174426.9290425,0
94,3,face_16,object_10,irrelevant,letter,0.506666666666667,0.466,onset,low,center,letter_12,0.98,1,0.466,22,174426.9356179,NaN,0,cr,2,174427.3918815,1000,1,174427.9089779,0,1000,174427.4372728,174428.930414,174429.9045305,0
95,3,face_16,object_10,target,object,0.506666666666667,0,offset,high,right,object_10,0.5,1,0.506666666666667,240,174429.9113502,NaN,0,miss,1,174430.4079751,1100,1,174430.8137782,0,1100,174430.4140663,174431.9065063,174432.4002569,0
96,3,face_16,object_10,irrelevant,letter,1,0,onset,low,center,letter_10,0.686666666666667,1,0,20,174432.4072421,NaN,0,cr,2,174432.4084457,1000,1,174433.1410857,0,1000,174433.4016712,174434.4015985,174435.0828106,0
97,3,face_16,object_10,non-target,face,0.506666666666667,0.116,offset,high,right,face_19,0.673333333333333,1,0.622666666666667,129,174435.0893858,NaN,0,cr,1,174435.7021772,1100,1,174436.169138,0,1100,174435.5910805,174437.0843084,174437.751627,0
98,3,face_16,object_10,irrelevant,letter,1.49333333333333,0,onset,low,center,letter_14,0.526666666666667,1,0,24,174437.758243,NaN,0,cr,2,174437.7593809,1000,1,174438.4696208,0,1000,174439.246513,174439.7526942,174440.273818,0
99,3,face_16,object_10,target,face,0.506666666666667,0.232,offset,high,right,face_16,0.566666666666667,1,0.738666666666667,126,174440.2801587,174441.3859096,1,hit,1,174441.0086285,0,NaN,NaN,0,1,174440.7818743,174442.2750002,174442.8357297,0
100,3,face_16,object_10,non-target,face,0.506666666666667,0.116,offset,high,center,face_15,0.606666666666667,1,0.622666666666667,85,174442.8423214,NaN,0,cr,1,174443.4547604,1100,1,174444.0530664,0,1100,174443.3439546,174444.8366761,174445.4378911,0
101,3,face_16,object_10,non-target,object,1,0.466,onset,high,center,object_19,1.08666666666667,1,0.466,209,174445.4444548,NaN,0,cr,1,174445.9005382,1100,1,174446.4138038,0,1100,174446.4392788,174447.4391512,174448.520043,0
102,3,face_16,object_10,target,object,0.506666666666667,0.232,offset,low,right,object_10,0.793333333333333,1,0.738666666666667,240,174448.5268997,174449.6378344,1,hit,2,174449.2554978,0,NaN,NaN,0,1,174449.0286731,174450.5217879,174451.3091403,0
103,3,face_16,object_10,non-target,face,1,0.232,offset,high,right,face_02,0.62,1,1.232,112,174451.3160627,NaN,0,cr,1,174452.5378886,1100,1,174453.0372264,0,1100,174452.3104349,174453.3111047,174453.9249688,0
104,3,face_16,object_10,target,face,1.49333333333333,0.116,onset,low,center,face_16,0.526666666666667,1,0.116,86,174453.9310592,174454.5937101,1,hit,2,174454.0370947,0,NaN,NaN,0,1,174455.4196347,174455.9258013,174456.4466262,0
105,3,face_16,object_10,target,object,0.506666666666667,0.232,onset,low,center,object_10,1.07333333333333,1,0.232,200,174456.4529802,174457.2291262,1,hit,2,174456.6748723,0,NaN,NaN,0,1,174456.9544897,174458.447713,174459.5152122,0
106,3,face_16,object_10,non-target,face,1,0.466,onset,high,right,face_04,0.74,1,0.466,114,174459.5216868,NaN,0,cr,1,174459.977772,1100,1,174460.465887,0,1100,174460.5168253,174461.5166916,174462.2505902,0
107,3,face_16,object_10,irrelevant,false_font,0.506666666666667,0.232,offset,low,center,false_font_19,0.66,1,0.738666666666667,149,174462.2572082,NaN,0,cr,2,174462.9859277,1000,1,174463.5140911,0,1000,174462.7591927,174464.2519839,174464.9061118,0
108,3,face_16,object_10,non-target,object,0.506666666666667,0,onset,high,center,object_14,0.606666666666667,1,0,204,174464.9127158,NaN,0,cr,1,174464.9140267,1100,1,174465.5528615,0,1100,174465.414278,174466.9072586,174467.5082896,0
109,3,face_16,object_10,non-target,face,1,0,onset,low,center,face_02,0.593333333333333,1,0,72,174467.5153642,NaN,0,cr,2,174467.5165564,1000,1,174468.0369771,0,1000,174468.5106944,174469.5103162,174470.0976013,0
110,3,face_16,object_10,irrelevant,letter,1,0.116,offset,low,center,letter_05,0.566666666666667,1,1.116,15,174470.1043118,NaN,0,cr,2,174471.2101015,1000,1,174471.8058036,0,1000,174471.099862,174472.0988974,174472.6598814,0
111,3,face_16,object_10,irrelevant,letter,0.506666666666667,0.232,onset,high,center,letter_14,0.54,1,0.232,24,174472.6661476,NaN,0,cr,1,174472.8882988,1100,1,174473.5658292,0,1100,174473.1676251,174474.6611234,174475.1950552,0
112,3,face_16,object_10,non-target,object,0.506666666666667,0.232,offset,low,center,object_06,0.62,1,0.738666666666667,196,174475.2011438,NaN,0,cr,2,174475.9298112,1000,1,174476.3940109,0,1000,174475.7030759,174477.1957534,174477.8100457,0
113,4,face_03,object_16,non-target,face,1,0,onset,low,right,face_12,0.82,1,0,122,174556.1129232,NaN,0,cr,2,174556.1187494,1100,0,174557.1894559,0,1100,174557.109445,174558.1074629,174558.9218337,174551.7409779
114,4,face_03,object_16,irrelevant,letter,0.506666666666667,0.116,onset,high,center,letter_17,0.566666666666667,1,0.116,27,174558.9287517,NaN,0,cr,1,174559.0347267,1100,1,174559.5861569,0,1100,174559.4299829,174560.9236674,174561.4843237,0
115,4,face_03,object_16,irrelevant,false_font,1,0,onset,low,center,false_font_01,0.646666666666667,1,0,131,174561.4909513,NaN,0,cr,2,174561.4921497,1000,1,174562.0887809,0,1000,174562.4856696,174563.4852299,174564.1265879,0
116,4,face_03,object_16,non-target,face,0.506666666666667,0.466,onset,low,center,face_04,0.553333333333333,1,0.466,74,174564.1330538,NaN,0,cr,2,174564.5889453,1000,1,174565.3168335,0,1000,174564.634399,174566.128007,174566.6753,0
117,4,face_03,object_16,non-target,object,1.49333333333333,0.116,offset,high,right,object_19,0.726666666666667,1,1.60933333333333,249,174566.6818368,NaN,0,cr,1,174568.2815265,1100,1,174568.7894375,0,1100,174568.170036,174568.6769756,174569.3974107,0
118,4,face_03,object_16,irrelevant,false_font,1,0.232,onset,high,center,false_font_13,0.5,1,0.232,143,174569.4041022,NaN,0,cr,1,174569.6259483,1100,1,174570.1650476,0,1100,174570.3992129,174571.3988012,174571.8930132,0
119,4,face_03,object_16,non-target,object,1.49333333333333,0.116,offset,high,center,object_13,0.566666666666667,1,1.60933333333333,203,174571.8990055,NaN,0,cr,1,174573.4983717,1100,1,174574.2489346,0,1100,174573.3876556,174573.894609,174574.4545909,0
120,4,face_03,object_16,irrelevant,letter,1,0,offset,low,right,letter_20,0.78,1,1,70,174574.460771,NaN,0,cr,2,174575.4507556,1000,1,174575.9249051,0,1000,174575.4559715,174576.455684,174577.2296784,0
121,4,face_03,object_16,irrelevant,false_font,0.506666666666667,0.232,onset,low,right,false_font_13,0.713333333333333,1,0.232,183,174577.2365528,NaN,0,cr,2,174577.4586028,1000,1,174578.0375304,0,1000,174577.7382893,174579.2312802,174579.9387945,0
122,4,face_03,object_16,non-target,face,0.506666666666667,0.232,onset,low,center,face_12,0.646666666666667,1,0.232,82,174579.9450584,NaN,0,cr,2,174580.167048,1000,1,174580.6934838,0,1000,174580.4471197,174581.9398601,174582.5806266,0
123,4,face_03,object_16,irrelevant,letter,1.49333333333333,0.466,offset,low,center,letter_04,1.15333333333333,1,1.95933333333333,14,174582.5869393,NaN,0,cr,2,174584.5361542,1000,1,174584.9455981,0,1000,174584.0754516,174584.5819219,174585.7291715,0
124,4,face_03,object_16,irrelevant,letter,0.506666666666667,0.232,onset,high,left,letter_16,0.5,1,0.232,46,174585.7362962,NaN,0,cr,1,174585.9580786,1100,1,174586.4736081,0,1100,174586.2379235,174587.7311796,174588.225201,0
125,4,face_03,object_16,non-target,object,1,0.232,onset,low,center,object_14,0.673333333333333,1,0.232,204,174588.2320597,NaN,0,cr,2,174588.454052,1000,1,174589.0054286,0,1000,174589.2271037,174590.2264151,174590.8942975,0
126,4,face_03,object_16,irrelevant,false_font,1.49333333333333,0.232,onset,low,center,false_font_13,0.513333333333333,1,0.232,143,174590.901001,NaN,0,cr,2,174591.1229237,1000,1,174591.5735068,0,1000,174592.3890393,174592.8954482,174593.4032356,0
127,4,face_03,object_16,non-target,object,1.49333333333333,0.232,onset,low,left,object_04,0.526666666666667,1,0.232,214,174593.4099484,NaN,0,cr,2,174593.6317727,1000,1,174594.0974802,0,1000,174594.8982346,174595.4049907,174595.9255198,0
128,4,face_03,object_16,non-target,face,1,0.232,onset,high,center,face_14,0.886666666666667,1,0.232,84,174595.9320428,NaN,0,cr,1,174596.1540321,1100,1,174596.6568022,0,1100,174596.9262604,174597.9268305,174598.8076172,0
129,4,face_03,object_16,non-target,face,1,0,onset,high,center,face_05,0.993333333333333,1,0,75,174598.8141604,NaN,0,cr,1,174598.8154896,1100,1,174599.3536625,0,1100,174599.8092024,174600.808835,174601.7963946,0
130,4,face_03,object_16,irrelevant,false_font,1,0.466,onset,low,center,false_font_10,0.646666666666667,1,0.466,140,174601.8029037,NaN,0,cr,2,174602.2586414,1000,1,174602.7695364,0,1000,174602.7975086,174603.7976783,174604.4384758,0
131,4,face_03,object_16,irrelevant,letter,1,0,offset,low,left,letter_14,0.753333333333333,1,1,44,174604.4451717,NaN,0,cr,2,174605.4351402,1000,1,174606.0135705,0,1000,174605.4407765,174606.4400205,174607.1874804,0
132,4,face_03,object_16,irrelevant,letter,1,0.232,offset,low,center,letter_19,0.566666666666667,1,1.232,29,174607.1945621,NaN,0,cr,2,174608.4162829,1000,1,174608.8047264,0,1000,174608.190001,174609.1894488,174609.7501281,0
133,4,face_03,object_16,non-target,object,0.506666666666667,0.466,onset,high,right,object_17,1.24666666666667,1,0.466,247,174609.7570421,NaN,0,cr,1,174610.2130842,1100,1,174610.6656145,0,1100,174610.2593781,174611.7515915,174612.9926137,0
134,4,face_03,object_16,non-target,face,1.49333333333333,0.466,offset,low,right,face_02,0.513333333333333,1,1.95933333333333,112,174612.9995957,NaN,0,cr,2,174614.9482019,1000,1,174613.9207608,0,1000,174614.4877094,174614.9945141,174615.5018265,0
135,4,face_03,object_16,irrelevant,letter,1.49333333333333,0.116,offset,low,center,letter_07,0.553333333333333,1,1.60933333333333,17,174615.508426,NaN,0,cr,2,174617.1075872,1000,1,174617.6694793,0,1000,174616.9972747,174617.5034332,174618.0506679,0
136,4,face_03,object_16,non-target,face,1,0.116,onset,high,left,face_17,0.793333333333333,1,0.116,107,174618.0572588,NaN,0,cr,1,174618.1633337,1100,1,174618.7928022,0,1100,174619.0521534,174620.0521513,174620.8394937,0
137,4,face_03,object_16,non-target,face,1,0.116,onset,low,center,face_15,0.86,1,0.116,85,174620.8461309,NaN,0,cr,2,174620.9522373,1000,1,174621.544928,0,1000,174621.8410544,174622.8404422,174623.6950346,0
138,4,face_03,object_16,non-target,object,1,0.232,onset,high,left,object_06,0.513333333333333,1,0.232,216,174623.7017749,NaN,0,cr,1,174623.9235733,1100,1,174624.6726629,0,1100,174624.6972837,174625.6967396,174626.2040092,0
139,4,face_03,object_16,irrelevant,letter,0.506666666666667,0.466,offset,low,right,letter_02,0.513333333333333,1,0.972666666666667,52,174626.2097043,NaN,0,cr,2,174627.1723462,1000,1,174627.5736944,0,1000,174626.7119573,174628.2042745,174628.7119371,0
140,4,face_03,object_16,target,face,1.49333333333333,0,onset,high,left,face_03,0.886666666666667,1,0,93,174628.719327,174629.6174981,1,hit,1,174628.7209223,0,NaN,NaN,0,1,174630.2073078,174630.7139953,174631.5948963,0
141,4,face_03,object_16,non-target,object,1,0,onset,high,right,object_20,0.553333333333333,1,0,250,174631.6013786,NaN,0,cr,1,174631.6025895,1100,1,174632.1806723,0,1100,174632.5962337,174633.5956506,174634.1436204,0
142,4,face_03,object_16,irrelevant,false_font,1,0,offset,high,right,false_font_10,0.606666666666667,1,1,180,174634.1502517,NaN,0,cr,1,174635.140396,1100,1,174635.7013969,0,1100,174635.1460142,174636.1451367,174636.7458204,0
143,4,face_03,object_16,irrelevant,false_font,1,0.466,offset,low,right,false_font_20,0.926666666666667,1,1.466,190,174636.7522229,NaN,0,cr,2,174638.2081612,1000,1,174638.6296742,0,1000,174637.7475641,174638.7472031,174639.6677897,0
144,4,face_03,object_16,target,face,0.506666666666667,0.116,onset,high,left,face_03,0.553333333333333,1,0.116,93,174639.6744154,174640.4854166,1,hit,1,174639.7803515,0,NaN,NaN,0,1,174640.1760635,174641.6697347,174642.2166485,0
145,4,face_03,object_16,non-target,object,1,0.466,offset,high,center,object_02,0.566666666666667,1,1.466,192,174642.2231898,NaN,0,cr,1,174643.6790389,1100,1,174644.2730151,0,1100,174643.21817,174644.2178024,174644.7787626,0
146,4,face_03,object_16,irrelevant,false_font,0.506666666666667,0.232,offset,high,center,false_font_14,0.553333333333333,1,0.738666666666667,144,174644.7854112,NaN,0,cr,1,174645.5142245,1100,1,174646.1213359,0,1100,174645.2867846,174646.7803938,174647.3278948,0
147,5,face_20,object_09,non-target,object,1,0.466,offset,low,right,object_18,0.873333333333333,1,1.466,248,174749.71468,NaN,0,cr,2,174751.1711423,1000,1,174751.8689775,0,1000,174750.7117598,174751.7098275,174752.576918,174745.558904
148,5,face_20,object_09,non-target,object,1,0.466,offset,low,left,object_17,0.873333333333333,1,1.466,227,174752.5843142,NaN,0,cr,2,174754.040199,1000,1,174754.5806558,0,1000,174753.5795587,174754.5792239,174755.4465505,0
149,5,face_20,object_09,irrelevant,false_font,1.49333333333333,0,offset,high,right,false_font_15,0.513333333333333,1,1.49333333333333,185,174755.4529929,NaN,0,cr,1,174756.9362741,1100,1,174757.5069539,0,1100,174756.9423795,174757.4486439,174757.9552345,0
150,5,face_20,object_09,non-target,object,1.49333333333333,0.466,onset,low,center,object_15,0.62,1,0.466,205,174757.9620986,NaN,0,cr,2,174758.4178786,1000,1,174759.0130301,0,1000,174759.4505171,174759.9569386,174760.571006,0
151,5,face_20,object_09,target,object,0.506666666666667,0,onset,high,center,object_09,0.54,1,0,199,174760.5774986,NaN,0,miss,1,174760.5786457,1100,1,174761.1212631,0,1100,174761.0792625,174762.5723316,174763.1064509,0
152,5,face_20,object_09,non-target,face,1.49333333333333,0.232,onset,low,right,face_04,0.62,1,0.232,114,174763.1129805,NaN,0,cr,2,174763.3349576,1000,1,174763.8244285,0,1000,174764.6011433,174765.1080281,174765.7218846,0
153,5,face_20,object_09,non-target,face,1.49333333333333,0.232,onset,high,left,face_14,0.513333333333333,1,0.232,104,174765.7285358,NaN,0,cr,1,174765.9508676,1100,1,174766.6004509,0,1100,174767.2169617,174767.7227564,174768.230775,0
154,5,face_20,object_09,irrelevant,letter,1,0.116,onset,low,right,letter_13,0.966666666666667,1,0.116,63,174768.2376768,NaN,0,cr,2,174768.3437451,1000,1,174768.8570063,0,1000,174769.2321797,174770.2323497,174771.1932535,0
155,5,face_20,object_09,irrelevant,false_font,1.49333333333333,0.116,onset,low,center,false_font_12,0.98,1,0.116,142,174771.1997325,NaN,0,cr,2,174771.305509,1000,1,174771.8811882,0,1000,174772.6880425,174773.1943512,174774.1686342,0
156,5,face_20,object_09,irrelevant,letter,1,0.232,offset,low,right,letter_02,0.806666666666667,1,1.232,52,174774.1746826,NaN,0,cr,2,174775.3966064,1000,1,174775.9044427,0,1000,174775.1696566,174776.1690857,174776.9702499,0
157,5,face_20,object_09,irrelevant,false_font,1,0,offset,low,center,false_font_17,0.846666666666667,1,1,147,174776.976888,NaN,0,cr,2,174777.9665704,1000,1,174778.4649323,0,1000,174777.9723624,174778.9718599,174779.8124807,0
158,5,face_20,object_09,target,face,1.49333333333333,0.232,offset,high,left,face_20,0.526666666666667,1,1.72533333333333,110,174779.8189379,174780.7413615,1,hit,1,174781.5336479,0,NaN,NaN,0,1,174781.3071347,174781.8132519,174782.3345108,0
159,5,face_20,object_09,non-target,face,1,0,onset,high,center,face_18,1.18,1,0,88,174782.3412628,NaN,0,cr,1,174782.3424469,1100,1,174782.921275,0,1100,174783.3355169,174784.3350764,174785.5101658,0
160,5,face_20,object_09,non-target,face,0.506666666666667,0.466,offset,high,center,face_19,0.753333333333333,1,0.972666666666667,89,174785.5167556,174787.0251214,1,fa,1,174786.4792392,0,NaN,NaN,0,1,174786.0179302,174787.5116864,174788.2590002,0
161,5,face_20,object_09,irrelevant,letter,1,0.466,offset,high,center,letter_10,0.633333333333333,1,1.466,20,174788.2662532,NaN,0,cr,1,174789.7221272,1100,1,174790.460382,0,1100,174789.2614732,174790.2615173,174790.8884971,0
162,5,face_20,object_09,irrelevant,letter,0.506666666666667,0.466,onset,low,right,letter_13,0.633333333333333,1,0.466,63,174790.8958564,NaN,0,cr,2,174791.3515682,1000,1,174791.7726163,0,1000,174791.3976606,174792.890867,174793.5180984,0
163,5,face_20,object_09,non-target,object,1.49333333333333,0,offset,high,right,object_20,0.593333333333333,1,1.49333333333333,250,174793.5246958,NaN,0,cr,1,174795.0088548,1100,1,174795.4329953,0,1100,174795.0147798,174795.519228,174796.1069298,0
164,5,face_20,object_09,irrelevant,letter,1,0.466,offset,high,right,letter_08,0.726666666666667,1,1.466,58,174796.1128661,NaN,0,cr,1,174797.5685459,1100,1,174798.5570542,0,1100,174797.1083478,174798.1077603,174798.8284332,0
165,5,face_20,object_09,non-target,object,1.49333333333333,0,offset,low,right,object_15,0.566666666666667,1,1.49333333333333,245,174798.8352087,NaN,0,cr,2,174800.31913,1000,1,174800.8372399,0,1000,174800.3257906,174800.8304023,174801.3907796,0
166,5,face_20,object_09,non-target,face,1.49333333333333,0.116,offset,low,right,face_16,1.03333333333333,1,1.60933333333333,126,174801.397336,NaN,0,cr,2,174802.9966854,1100,0,174803.1128912,0,1100,174802.8855875,174803.3924923,174804.4195827,0
167,5,face_20,object_09,non-target,object,1,0.116,onset,low,center,object_12,0.5,1,0.116,202,174804.4261191,NaN,0,cr,2,174804.5318035,1000,1,174805.433166,0,1000,174805.4211436,174806.4209531,174806.9150201,0
168,5,face_20,object_09,non-target,object,0.506666666666667,0.232,offset,high,center,object_01,0.606666666666667,1,0.738666666666667,191,174806.9215687,NaN,0,cr,1,174807.6502612,1100,1,174808.1252479,0,1100,174807.4229475,174808.9157546,174809.5171455,0
169,5,face_20,object_09,irrelevant,false_font,0.506666666666667,0,offset,low,center,false_font_14,0.566666666666667,1,0.506666666666667,144,174809.5236459,NaN,0,cr,2,174810.0200303,1000,1,174810.5094122,0,1000,174810.0263662,174811.5183928,174812.0792189,0
170,5,face_20,object_09,irrelevant,false_font,1.49333333333333,0.116,offset,high,left,false_font_08,0.513333333333333,1,1.60933333333333,158,174812.0859251,NaN,0,cr,1,174813.6850733,1100,1,174814.1123097,0,1100,174813.5746236,174814.0806928,174814.5881665,0
171,5,face_20,object_09,irrelevant,false_font,1,0.116,onset,high,center,false_font_15,0.94,1,0.116,145,174814.5946357,NaN,0,cr,1,174814.7003008,1000,0,174815.3010916,0,1000,174815.5897698,174816.588705,174817.5235384,0
172,5,face_20,object_09,non-target,face,1,0,onset,low,center,face_14,0.54,1,0,84,174817.5303116,NaN,0,cr,2,174817.5321063,1000,1,174818.7170172,0,1000,174818.5248929,174819.5248708,174820.0592184,0
173,5,face_20,object_09,irrelevant,false_font,1.49333333333333,0.232,offset,high,right,false_font_06,0.753333333333333,1,1.72533333333333,176,174820.0656187,NaN,0,cr,1,174821.7806225,1100,1,174822.2972833,0,1100,174821.553965,174822.0603202,174822.8078533,0
174,5,face_20,object_09,non-target,face,1,0.116,offset,low,right,face_07,0.606666666666667,1,1.116,117,174822.8143889,NaN,0,cr,2,174823.9201114,1000,1,174824.4927857,0,1000,174823.8094171,174824.8088367,174825.4099571,0
175,5,face_20,object_09,target,face,1,0,onset,low,left,face_20,0.566666666666667,1,0,110,174825.4163537,NaN,0,miss,2,174825.4174986,1100,0,174826.4890415,0,1100,174826.4110657,174827.4112007,174827.9719236,0
176,5,face_20,object_09,irrelevant,letter,1.49333333333333,0.116,offset,high,center,letter_10,0.673333333333333,1,1.60933333333333,20,174827.978526,NaN,0,cr,1,174829.5778217,1000,0,174830.3371519,0,1000,174829.4665807,174829.9732463,174830.6407621,0
177,5,face_20,object_09,irrelevant,letter,0.506666666666667,0,onset,high,right,letter_05,0.5,1,0,55,174830.6474155,NaN,0,cr,1,174830.6501358,1000,0,174831.2772602,0,1000,174831.1493206,174832.6419429,174833.1363233,0
178,5,face_20,object_09,irrelevant,letter,0.506666666666667,0.116,onset,high,left,letter_18,0.566666666666667,1,0.116,48,174833.1428805,NaN,0,cr,1,174833.2485752,1100,1,174833.9002724,0,1100,174833.6446879,174835.1377592,174835.6984588,0
179,5,face_20,object_09,irrelevant,false_font,1,0.466,offset,low,center,false_font_03,0.54,1,1.466,133,174835.7048385,NaN,0,cr,2,174837.1605717,1000,1,174837.8441276,0,1000,174836.7001277,174837.7000901,174838.2337394,0
180,5,face_20,object_09,non-target,object,1,0,onset,low,center,object_11,0.606666666666667,1,0,201,174838.2405376,NaN,0,cr,2,174838.241721,1000,1,174838.8889188,0,1000,174839.2350813,174840.2351879,174840.8361246,0
181,5,face_20,object_09,non-target,face,1.49333333333333,0.466,onset,low,right,face_18,1.52666666666667,1,0.466,128,174840.8421769,NaN,0,cr,2,174841.2983158,1000,1,174841.7650025,0,1000,174842.3303212,174842.8368618,174844.3577485,0
182,6,face_07,object_03,irrelevant,false_font,1.49333333333333,0.116,offset,high,right,false_font_12,0.673333333333333,1,1.60933333333333,182,174865.7896805,NaN,0,cr,1,174867.388752,1100,1,174867.8129651,0,1100,174867.2798313,174867.7847579,174868.4519205,174861.7456511
183,6,face_07,object_03,irrelevant,false_font,1.49333333333333,0.466,onset,low,left,false_font_09,0.553333333333333,1,0.466,159,174868.4587941,NaN,0,cr,2,174868.9147308,1000,1,174869.4292172,0,1000,174869.9468585,174870.453588,174871.0010352,0
184,6,face_07,object_03,target,object,1.49333333333333,0.466,onset,high,center,object_03,1.1,1,0.466,193,174871.0075961,174872.1962939,1,hit,1,174871.4639936,0,NaN,NaN,0,1,174872.495787,174873.0028205,174874.0964932,0
185,6,face_07,object_03,irrelevant,false_font,1.49333333333333,0.232,onset,high,center,false_font_18,0.74,1,0.232,148,174874.1033318,NaN,0,cr,1,174874.325116,1100,1,174874.8810571,0,1100,174875.591684,174876.0980165,174876.8322369,0
186,6,face_07,object_03,non-target,face,1,0.466,onset,low,left,face_10,0.646666666666667,1,0.466,100,174876.8387591,NaN,0,cr,2,174877.2948794,1000,1,174877.7806921,0,1000,174877.833135,174878.8336064,174879.4743284,0
187,6,face_07,object_03,non-target,face,0.506666666666667,0.116,onset,low,left,face_01,0.7,1,0.116,91,174879.4809322,NaN,0,cr,2,174879.5868465,1000,1,174880.1569243,0,1000,174879.9829629,174881.4757847,174882.1698302,0
188,6,face_07,object_03,irrelevant,false_font,1,0.232,offset,low,left,false_font_06,0.646666666666667,1,1.232,156,174882.176492,NaN,0,cr,2,174883.3983958,1000,1,174883.9650529,0,1000,174883.1718567,174884.1713961,174884.8120736,0
189,6,face_07,object_03,irrelevant,false_font,1,0.466,offset,low,left,false_font_14,0.54,1,1.466,164,174884.8183106,NaN,0,cr,2,174886.2745165,1000,1,174886.6922241,0,1000,174885.8133335,174886.8131903,174887.3472183,0
190,6,face_07,object_03,irrelevant,letter,1.49333333333333,0.232,offset,high,center,letter_05,0.553333333333333,1,1.72533333333333,15,174887.3542706,NaN,0,cr,1,174889.0693825,1100,1,174889.5052077,0,1100,174888.8423743,174889.3496511,174889.8965078,0
191,6,face_07,object_03,target,object,0.506666666666667,0.116,offset,low,left,object_03,0.606666666666667,1,0.622666666666667,213,174889.9031986,174890.7686886,1,hit,2,174890.5157122,0,NaN,NaN,0,1,174890.4050679,174891.8983666,174892.4987745,0
192,6,face_07,object_03,non-target,face,0.506666666666667,0.232,offset,high,left,face_08,0.5,1,0.738666666666667,98,174892.5055603,NaN,0,cr,1,174893.2342935,1100,1,174893.7449609,0,1100,174893.0070037,174894.5002386,174894.9944678,0
193,6,face_07,object_03,non-target,object,1,0.116,onset,high,center,object_12,0.846666666666667,1,0.116,202,174895.0008094,NaN,0,cr,1,174895.1079347,1100,1,174895.6972013,0,1100,174895.9958638,174896.9962099,174897.8363803,0
194,6,face_07,object_03,non-target,object,0.506666666666667,0,offset,low,right,object_14,0.593333333333333,1,0.506666666666667,244,174897.8432195,NaN,0,cr,2,174898.3399318,1000,1,174898.8328316,0,1000,174898.3460399,174899.8382227,174900.4254539,0
195,6,face_07,object_03,non-target,object,1,0.466,offset,low,center,object_13,0.593333333333333,1,1.466,203,174900.431822,NaN,0,cr,2,174901.8876488,1000,1,174902.5809674,0,1000,174901.4268559,174902.426896,174903.0140544,0
196,6,face_07,object_03,irrelevant,letter,1,0.466,offset,high,left,letter_03,0.606666666666667,1,1.466,33,174903.0210533,NaN,0,cr,1,174904.4773517,1100,1,174905.6008679,0,1100,174904.0161226,174905.0162559,174905.6166247,0
197,6,face_07,object_03,irrelevant,false_font,1.49333333333333,0.466,offset,high,left,false_font_20,0.633333333333333,1,1.95933333333333,170,174905.6233749,NaN,0,cr,1,174907.5719825,1100,1,174905.623893,0,1100,174907.1116083,174907.6182137,174908.2456129,0
198,6,face_07,object_03,non-target,object,1,0,offset,high,center,object_10,0.873333333333333,1,1,200,174908.2528682,NaN,0,cr,1,174909.242195,1100,1,174908.2534222,0,1100,174909.248284,174910.2470771,174911.1151107,0
199,6,face_07,object_03,non-target,object,1,0.466,onset,high,right,object_01,0.74,1,0.466,231,174911.1216057,NaN,0,cr,1,174911.5775384,1100,1,174912.2602664,0,1100,174912.1168029,174913.116328,174913.8505071,0
200,6,face_07,object_03,target,face,1,0.466,onset,high,center,face_07,0.66,1,0.466,77,174913.8569692,NaN,0,miss,1,174914.3129017,1100,1,174915.1440607,0,1100,174914.8520631,174915.8517703,174916.5058836,0
201,6,face_07,object_03,non-target,object,0.506666666666667,0.116,onset,high,right,object_05,0.553333333333333,1,0.116,235,174916.5123036,NaN,0,cr,1,174916.6182704,1100,1,174917.1247718,0,1100,174917.0144575,174918.5071183,174919.0545496,0
202,6,face_07,object_03,irrelevant,letter,1.49333333333333,0.232,onset,high,left,letter_09,0.78,1,0.232,39,174919.0609729,NaN,0,cr,1,174919.2829168,1100,1,174919.7761217,0,1100,174920.5492676,174921.0556615,174921.8298755,0
203,6,face_07,object_03,irrelevant,letter,1.49333333333333,0.466,onset,low,center,letter_10,0.553333333333333,1,0.466,20,174921.8366109,NaN,0,cr,2,174922.2925264,1000,1,174922.7761437,0,1000,174923.3248241,174923.8310581,174924.3788517,0
204,6,face_07,object_03,non-target,face,1,0.466,onset,high,center,face_08,0.646666666666667,1,0.466,78,174924.3859211,NaN,0,cr,1,174924.8416302,1100,1,174925.2922129,0,1100,174925.3806205,174926.3804368,174927.0214945,0
205,6,face_07,object_03,target,object,1,0.232,onset,high,center,object_03,1.03333333333333,1,0.232,193,174927.0283213,174927.9769409,1,hit,1,174927.2502346,0,NaN,NaN,0,1,174928.0231224,174929.0231073,174930.0505541,0
206,6,face_07,object_03,irrelevant,letter,0.506666666666667,0.466,onset,high,center,letter_10,0.58,1,0.466,20,174930.0572671,NaN,0,cr,1,174930.5131696,1100,1,174931.1169679,0,1100,174930.5588572,174932.0516738,174932.6261658,0
207,6,face_07,object_03,target,object,1,0,offset,low,right,object_03,0.686666666666667,1,1,233,174932.6325767,174933.4488465,1,hit,2,174933.6219313,0,NaN,NaN,0,1,174933.6278431,174934.6273501,174935.3081496,0
208,6,face_07,object_03,non-target,face,1.49333333333333,0,onset,high,center,face_11,0.58,1,0,81,174935.3147669,NaN,0,cr,1,174935.3167169,1100,1,174935.9009552,0,1100,174936.8031829,174937.3094729,174937.8836706,0
209,6,face_07,object_03,non-target,face,0.506666666666667,0.232,offset,low,left,face_18,0.566666666666667,1,0.738666666666667,108,174937.8903746,NaN,0,cr,2,174938.618796,1000,1,174939.1336654,0,1000,174938.3923657,174939.8850499,174940.4459489,0
210,6,face_07,object_03,target,face,1,0.116,offset,low,center,face_07,0.793333333333333,1,1.116,77,174940.452293,174941.3051999,1,hit,2,174941.5576202,0,NaN,NaN,0,1,174941.4471048,174942.4468176,174943.2345311,0
211,6,face_07,object_03,irrelevant,letter,1.49333333333333,0,offset,high,left,letter_08,0.606666666666667,1,1.49333333333333,38,174943.2407874,NaN,0,cr,1,174944.7239911,1100,1,174945.2160907,0,1100,174944.7294615,174945.2355318,174945.8363586,0
212,6,face_07,object_03,non-target,face,0.506666666666667,0.466,offset,high,center,face_08,0.593333333333333,1,0.972666666666667,78,174945.8431319,NaN,0,cr,1,174946.8054734,1100,1,174947.7008284,0,1100,174946.3448061,174947.8379493,174948.4253643,0
213,6,face_07,object_03,non-target,object,0.506666666666667,0.116,onset,high,left,object_05,0.686666666666667,1,0.116,215,174948.4321728,NaN,0,cr,1,174948.5384832,1100,1,174949.0849817,0,1100,174948.9338443,174950.4269008,174951.1077503,0
214,6,face_07,object_03,irrelevant,letter,1.49333333333333,0.232,onset,high,right,letter_11,0.993333333333333,1,0.232,61,174951.114687,NaN,0,cr,1,174951.3371129,1100,1,174952.0771553,0,1100,174952.6025764,174953.1097564,174954.0969255,0
215,6,face_07,object_03,non-target,face,1,0,onset,low,left,face_12,0.566666666666667,1,0,102,174954.1033484,NaN,0,cr,2,174954.1045617,1000,1,174954.6400641,0,1000,174955.09824,174956.0978292,174956.6589313,0
216,6,face_07,object_03,non-target,object,1,0.116,offset,low,center,object_09,0.913333333333333,1,1.116,199,174956.6659878,NaN,0,cr,2,174957.7717238,1000,1,174958.4007146,0,1000,174957.6610291,174958.6611139,174959.5682194,0
217,6,face_07,object_03,irrelevant,false_font,1,0,offset,low,right,false_font_01,0.62,1,1,171,174959.5745767,NaN,0,cr,2,174960.5644876,1000,1,174961.108942,0,1000,174960.5703049,174961.5694714,174962.1834828,0
218,6,face_07,object_03,irrelevant,letter,1.49333333333333,0,onset,high,center,letter_19,0.913333333333333,1,0,29,174962.1899671,NaN,0,cr,1,174962.193022,1100,1,174962.7567393,0,1100,174963.6781917,174964.1846034,174965.0922066,0
219,6,face_07,object_03,irrelevant,false_font,1.49333333333333,0,onset,high,right,false_font_04,0.633333333333333,1,0,174,174965.0986026,NaN,0,cr,1,174965.0997704,1100,1,174965.6479222,0,1100,174966.5868271,174967.0935114,174967.7208428,0
220,7,letter_11,false_font_10,irrelevant,object,0.506666666666667,0.116,onset,low,center,object_01,0.566666666666667,1,0.116,191,174987.9081084,NaN,0,cr,2,174988.01394,1100,0,174988.7251026,0,1100,174988.4112247,174989.9037172,174990.4636836,174984.6856168
221,7,letter_11,false_font_10,non-target,false_font,1.49333333333333,0,onset,low,left,false_font_11,0.62,1,0,161,174990.4706967,NaN,0,cr,2,174990.4719155,1000,1,174991.1769463,0,1000,174991.9602841,174992.4650748,174993.0795981,0
222,7,letter_11,false_font_10,non-target,letter,1.49333333333333,0.466,onset,low,center,letter_09,0.593333333333333,1,0.466,19,174993.0864572,NaN,0,cr,2,174993.5423249,1000,1,174994.0528255,0,1000,174994.5743598,174995.0812346,174995.668696,0
223,7,letter_11,false_font_10,irrelevant,face,0.506666666666667,0,offset,high,left,face_06,1.11333333333333,1,0.506666666666667,96,174995.6749161,NaN,0,cr,1,174996.1716425,1100,1,174996.6683152,0,1100,174996.1774688,174997.6697199,174998.7771545,0
224,7,letter_11,false_font_10,non-target,letter,0.506666666666667,0,offset,low,center,letter_06,0.54,1,0.506666666666667,16,174998.7833824,NaN,0,cr,2,174999.2799088,1000,1,174999.7209028,0,1000,174999.2862413,175000.7781667,175001.3122891,0
225,7,letter_11,false_font_10,irrelevant,face,1,0.466,onset,low,left,face_06,0.633333333333333,1,0.466,96,175001.3191676,NaN,0,cr,2,175001.7750748,1000,1,175002.2366781,0,1000,175002.3142455,175003.3139162,175003.9414003,0
226,7,letter_11,false_font_10,non-target,letter,1,0.232,offset,high,right,letter_07,0.86,1,1.232,57,175003.9482652,NaN,0,cr,1,175005.1701868,1100,1,175005.8002057,0,1100,175004.9434226,175005.9430138,175006.7971701,0
227,7,letter_11,false_font_10,non-target,false_font,0.506666666666667,0,onset,high,center,false_font_07,0.513333333333333,1,0,137,175006.8036224,NaN,0,cr,1,175006.8048646,1100,1,175007.355922,0,1100,175007.3057713,175008.7988592,175009.3058683,0
228,7,letter_11,false_font_10,irrelevant,face,1.49333333333333,0.232,onset,high,center,face_07,0.58,1,0.232,77,175009.3122811,NaN,0,cr,1,175009.5342564,1100,1,175010.159957,0,1100,175010.8003553,175011.3072251,175011.8811838,0
229,7,letter_11,false_font_10,irrelevant,object,1.49333333333333,0,onset,high,center,object_01,0.62,1,0,191,175011.8875363,NaN,0,cr,1,175011.8887693,1100,1,175012.4845453,0,1100,175013.3756724,175013.8820798,175014.496434,0
230,7,letter_11,false_font_10,target,false_font,1,0.466,onset,low,left,false_font_10,0.633333333333333,1,0.466,160,175014.5030278,175015.7324701,1,hit,2,175014.9588859,0,NaN,NaN,0,1,175015.4984359,175016.4977854,175017.1252605,0
231,7,letter_11,false_font_10,irrelevant,face,1,0,onset,low,left,face_17,0.9,1,0,107,175017.1314249,NaN,0,cr,2,175017.1333384,1000,1,175017.7127769,0,1000,175018.1262363,175019.1254854,175020.0203534,0
232,7,letter_11,false_font_10,non-target,false_font,1.49333333333333,0,onset,low,center,false_font_11,0.686666666666667,1,0,141,175020.0274542,NaN,0,cr,2,175020.0286292,1000,1,175020.7327769,0,1000,175021.5157858,175022.0217556,175022.7030247,0
233,7,letter_11,false_font_10,irrelevant,object,0.506666666666667,0.232,onset,high,center,object_09,0.673333333333333,1,0.232,199,175022.7094942,NaN,0,cr,1,175022.9311956,1100,1,175023.6408252,0,1100,175023.2112706,175024.7043905,175025.3717451,0
234,7,letter_11,false_font_10,non-target,letter,1,0.116,offset,high,left,letter_07,0.513333333333333,1,1.116,37,175025.3781886,NaN,0,cr,1,175026.4839073,1100,1,175027.1928498,0,1100,175026.3734375,175027.3731048,175027.8804307,0
235,7,letter_11,false_font_10,irrelevant,face,1.49333333333333,0,offset,high,center,face_19,0.593333333333333,1,1.49333333333333,89,175027.8872866,NaN,0,cr,1,175029.3703853,1100,1,175029.884328,0,1100,175029.3760743,175029.882346,175030.4695265,0
236,7,letter_11,false_font_10,irrelevant,object,1.49333333333333,0,onset,high,left,object_15,0.526666666666667,1,0,225,175030.4766088,NaN,0,cr,1,175030.4777636,1100,1,175031.2398502,0,1100,175031.9647927,175032.4710171,175032.992207,0
237,7,letter_11,false_font_10,irrelevant,face,1,0.466,onset,high,center,face_12,0.846666666666667,1,0.466,82,175032.9988295,NaN,0,cr,1,175033.4547688,1100,1,175034.0687402,0,1100,175033.9937282,175034.9932468,175035.8344182,0
238,7,letter_11,false_font_10,irrelevant,object,0.506666666666667,0.232,onset,high,left,object_07,0.993333333333333,1,0.232,217,175035.8404951,NaN,0,cr,1,175036.0625305,1100,1,175036.6167025,0,1100,175036.3422801,175037.8360497,175038.8227417,0
239,7,letter_11,false_font_10,non-target,letter,1,0.466,offset,low,center,letter_07,0.953333333333333,1,1.466,17,175038.829564,NaN,0,cr,2,175040.2855308,1000,1,175040.7638338,0,1000,175039.8245276,175040.8238967,175041.7718059,0
240,7,letter_11,false_font_10,non-target,letter,1,0,offset,high,right,letter_14,0.553333333333333,1,1,64,175041.7784927,NaN,0,cr,1,175042.7681978,1100,1,175043.2678402,0,1100,175042.7741018,175043.7733685,175044.3207245,0
