real_dur,target_dur,dur_diff,real_SOA,target_SOA,SOA_diff,trial_dur,real_trial_dur_plus_jitter,taregt_trial_dur_plus_jitter,diff_trial_dur_plus_jitter
1.50689962886372,1.5,0.00689962886372086,1.49737492794793,1.5,-0.0026250720520693,2.00688142886338,2.87808242794836,2.88133672424058,0.339527480809292
0.499982493295647,0.5,-1.75067043528543e-05,0.962870534653121,0.966,-0.00312946534687941,2.0068854067049,2.71041673465334,2.71384071907713,0.507023485972747
0.99996463761363,1,-3.53623863702524e-05,1.11264948567532,1.116,-0.00335051432468036,2.00688396443184,3.86965658567533,3.87305032752375,-0.652186122473875
1.00688344897753,1,0.00688344897753268,1.46264416556278,1.466,-0.00335583443722132,2.00685494897698,2.79820386556275,2.80157828904309,0.419285916006782
1.50690038454559,1.5,0.00690038454558817,1.72873900578907,1.732,-0.00326099421093384,2.00688505568178,3.42528620578923,3.42874580372501,-0.207881598675135
1.00692006909048,1,0.00692006909048359,0.996799150108018,1,-0.00320084989198222,2.00690073761416,3.54395475010824,3.547318337044,-0.326454131994125
1.00691067318257,1,0.0069106731825741,0.462743414539545,0.466,-0.00325658546045454,2.00688278659163,3.75246961454013,3.75580901370483,-0.534944808654954
1.49995412420685,1.5,-4.58757931482978e-05,1.96264357897144,1.966,-0.00335642102856215,2.00688197988711,3.08445707897135,3.08787452725353,0.132989677796346
1.50690082886376,1.5,0.00690082886376331,0.462639134652818,0.466,-0.003360865347182,2.00688448454548,2.91819443465283,2.92153296844971,0.299331236600167
1.50689672215867,1.5,0.00689672215867176,1.96256968567559,1.966,-0.00343031432441054,1.99996302625186,2.87304388567554,2.87637405216976,0.344490152880114
0.999995470570866,1,-4.52942913398147e-06,0.112578865562682,0.116,-0.00342113443731797,1.99996748398007,2.75049646556272,2.75387860396701,0.466985601082867
0.500016159774532,0.5,1.61597745318431e-05,0.112704999084599,0.116,-0.00329500091540104,2.00688692886433,3.3816082990852,3.38496320278337,-0.164098997733495
1.00688267113674,1,0.00688267113673646,0.00131209908431629,0,0.00131209908431629,2.00685726443226,3.04762409908471,3.05096732264001,0.169896882409866
0.999969728864016,1,-3.02711359836394e-05,1.46259359908436,1.466,-0.0034064009156427,1.99996682011351,3.59748789908463,3.60093325848523,-0.380069053435355
1.50689692886408,1.5,0.00689692886408011,1.49662739238101,1.5,-0.00337260761898506,2.00687845772791,3.04522499238101,3.04855410506878,0.172310099981095
0.499952332957037,0.5,-4.76670429634396e-05,0.612730936699336,0.616,-0.00326906330066412,2.00689054431859,3.2005689366988,3.20396459785226,0.0168996071976153
1.00691884227217,1,0.00691884227217088,0.00133797022044746,0,0.00133797022044746,2.00691334897692,2.97638417022063,2.97964728034424,0.241216924705633
0.506923844318408,0.5,0.00692384431840765,0.496654172266972,0.5,-0.00334582773302827,2.00687854431817,3.00257077226706,3.0059371141249,0.214927090924975
1.50686720204612,1.5,0.00686720204612357,0.462664794426928,0.466,-0.00333520557307204,2.00687827318234,3.22646459442694,3.229709913657,-0.00884570860712453
0.499983328863891,0.5,-1.66711361089256e-05,0.612675599084469,0.616,-0.00332440091553143,2.00691018454472,2.91757559908456,2.92090824494415,0.299955960105721
1.00688895568146,1,0.00688895568146108,0.00128077226690948,0,0.00128077226690948,2.00685824897664,3.94711797226682,3.95047116410165,-0.729606959051774
1.00691428454502,1,0.00691428454501875,0.462637043403447,0.466,-0.003362956596553,2.00687882215971,3.66164484340334,3.66490561170237,-0.444041406652494
1.00691345568157,1,0.00691345568156976,1.22866967226764,1.232,-0.00333032773235753,2.00688570204602,3.93049617226734,3.93383847102491,-0.712974265975034
0.506931722159607,0.5,0.00693172215960658,0.112633421244027,0.116,-0.00336657875597303,1.99996356182055,3.25605222124432,3.25936164680076,-0.0384974417508843
0.506898328863826,0.5,0.00689832886382646,0.496598492380144,0.5,-0.00340150761985569,2.00688570670445,3.20610209238021,3.20938761585387,0.0114765891960058
0.499980251023771,0.5,-1.97489762285841e-05,0.00137599908521224,0,0.00137599908521224,2.00688205772803,2.81709879908522,2.82039104871082,0.400473156339051
0.50689532886372,0.5,0.00689532886372035,0.612587656812138,0.616,-0.00341234318786154,1.99990852625251,2.7312096568121,2.73462955499895,0.486234650050926
1.50690062886406,1.5,0.0069006288640594,1.72863945681183,1.732,-0.00336054318816603,1.99993074170743,3.20240555681175,3.20569224482966,0.0151719602202154
1.50689462886294,1.5,0.00689462886293768,0.112713592379805,0.116,-0.00328640762019496,2.00691102886321,3.23693599237959,3.24039378340521,-0.0195295783553346
1.50690029124962,1.5,0.00690029124962166,1.7285803702207,1.732,-0.00341962977930232,1.99993846647885,2.70161737022045,2.70491277912427,0.515951425925603
0.506934493295375,0.5,0.00693449329537543,0.22859609238003,0.232,-0.0034039076199697,2.00691873556752,2.91722769238004,2.9206044155504,0.300259789499479
1.50688673352124,1.5,0.00688673352124169,1.49657405476501,1.5,-0.00342594523499429,2.00685669795257,3.62669295476462,3.63011079842562,-0.409246593375745
1.00691026704408,1,0.00691026704407705,1.22857488362934,1.232,-0.00342511637066489,1.99993457113578,2.96750518362933,2.97079322804044,0.250070977009434
1.00691077783995,1,0.00691077783994842,0.11256486556249,0.116,-0.00343513443750999,2.00688533090943,2.76777606556243,2.7710209331486,0.449843271901273
0.499986235568031,0.5,-1.37644319693209e-05,0.728762899084359,0.732,-0.00323710091564133,2.00688454227202,3.14681029908479,3.15011726242912,0.0707469426207554
1.00691871136314,1,0.00691871136314148,0.228571763516811,0.232,-0.00342823648318882,2.00688410670409,3.93568186351604,3.93907692304102,-0.718212717991145
0.999973875795149,1,-2.61242048509303e-05,1.11257194806149,1.116,-0.00342805193851392,2.00691907374858,3.30346534806176,3.30680907783234,-0.0859448727824645
0.99997637522938,1,-2.36247706197901e-05,0.112707692380354,0.116,-0.00329230761964573,2.00685557113684,3.1678208923804,3.17111848443049,0.0497457206193852
1.00688424693089,1,0.00688424693089473,0.00133959908453107,0,0.00133959908453107,2.00685987579436,3.16608109908429,3.16934970483132,0.0515145002185555
0.506898757727868,0.5,0.00689875772786763,0.962877492380358,0.966,-0.00312250761964239,2.00685032215915,3.87435049238047,3.87777983463702,-0.656915629587145
1.50693141806642,1.5,0.00693141806641506,1.96277469703728,1.966,-0.0032253029627245,1.9999405221597,3.46292209703734,3.46623802855197,-0.245373823502095
0.506928371136382,0.5,0.00692837113638234,0.612719199084495,0.616,-0.00328080091550509,2.0068820778406,3.29952289908488,3.30284956620417,-0.0819853611542944
0.506925235568815,0.5,0.00692523556881497,0.962645821244223,0.966,-0.00335417875577693,1.99993416647885,2.81971642124427,2.82299077556429,0.397873429485584
1.00694536443189,1,0.00694536443188554,0.996678850107855,1,-0.0033211498921446,2.00688072011326,3.08701525010747,3.09041817688442,0.130446028165455
1.49995008863789,1.5,-4.99113621117431e-05,1.7286373568113,1.732,-0.00336264318869506,2.00687972215928,3.27167615681174,3.27499607027999,-0.0541318652301146
0.499985115454365,0.5,-1.4884545635141e-05,0.112581992380001,0.116,-0.00341800761999912,2.00688847113634,3.55920909238012,3.56265226107171,-0.341788056021834
0.506893179886902,0.5,0.00689317988690163,0.228594227947724,0.232,-0.00340577205227602,2.00684465772702,2.79215982794813,2.79554977383215,0.425314431217721
1.49996006852507,1.5,-3.99314749301993e-05,0.00132069908431731,0,0.00132069908431731,1.99997304636599,3.04490179908498,3.04824809855873,0.172616106491145
0.506958759773624,0.5,0.00695875977362448,0.462757316585339,0.466,-0.00324268341466089,2.00688281750081,3.84046131658488,3.84383183957252,-0.622967634522644
0.999969051023982,1,-3.09489760184078e-05,1.11258440578877,1.116,-0.00341559421123394,2.0068828489766,3.56322660578917,3.56653510827783,-0.345670903227955
0.506898328863826,0.5,0.00689832886382646,0.728665550107507,0.732,-0.00333444989249254,2.00685876443185,3.49440615010735,3.49770845139257,-0.276844246342694
0.999972744883962,1,-2.72551160378498e-05,0.228710597038116,0.232,-0.00328940296188376,1.9999376798869,3.78511869703743,3.78836701035791,-0.567502805308035
1.50686922886416,1.5,0.00686922886416141,1.72870269238047,1.732,-0.00329730761953395,2.00685772886391,2.70372809238052,2.70717733123849,0.513686873811387
1.49992735102296,1.5,-7.26489770386252e-05,0.462636014540294,0.466,-0.0033639854597059,1.99990951079781,2.75785871453991,2.76111147754874,0.459752727501133
1.50690355568076,1.5,0.00690355568076484,0.112653370220869,0.116,-0.00334662977913104,2.00688789999913,3.80298077022053,3.80638283730229,-0.585518632252414
0.499983535002684,0.5,-1.64649973157793e-05,0.462623963516307,0.466,-0.00337603648369261,2.00688385772719,3.52191476351618,3.52531593033138,-0.304451725281504
1.50690327579377,1.5,0.00690327579377481,0.462713525901563,0.466,-0.00328647409843691,2.00688399795308,3.87413152590125,3.87746361164501,-0.656599406595134
1.49995352886344,1.5,-4.64711365566473e-05,0.00136849238060677,0,0.00136849238060677,1.99994129999959,3.34569259238015,3.34910699082671,-0.128242785776834
1.50689434897777,1.5,0.00689434897776664,0.462571134653444,0.466,-0.00342886534655557,1.99996234432001,3.2822912346528,3.28567159560401,-0.0648073905541344
0.506921871136001,0.5,0.00692187113600085,0.962714299084837,0.966,-0.003285700915163,2.00687707784073,3.16624469908493,3.16966076922254,0.0512034358273352
0.506897008750457,0.5,0.00689700875045673,0.496757507835355,0.5,-0.00324249216464523,1.99994286238598,3.22643400783545,3.22989239269108,-0.00902818764120461
1.5069029644319,1.5,0.00690296443190164,0.462646056812446,0.466,-0.00335394318755428,2.00686059329564,2.73711985681166,2.74045579014463,0.48040841490525
0.500012510798115,0.5,1.25107981148176e-05,0.228609270221568,0.232,-0.00339072977843172,1.9999405530707,3.14361217022088,3.14686529157178,0.0739989134780954
1.00694571806707,1,0.00694571806707245,0.228780914540039,0.232,-0.00321908545996122,2.00691676443239,2.83861391453956,2.84192911056021,0.378935094489667
1.50690972477059,1.5,0.00690972477059404,0.228686446014763,0.232,-0.00331355398523739,2.00686661806685,2.81435114601481,2.81780619866143,0.403058006388449
0.499983681934282,0.5,-1.63180657182238e-05,0.462818114539914,0.466,-0.00318188546008608,2.00691082215963,3.56885371453973,3.57216982332952,-0.351305618279644
1.50690697113623,1.5,0.00690697113623173,1.72859337022146,1.732,-0.00340662977853934,2.00688850000006,2.94109547022072,2.94446219526534,0.276402009784539
0.506928693295777,0.5,0.00692869329577661,0.728663492380292,0.732,-0.00333650761970783,2.00688643556805,3.61403149238049,3.61730764372891,-0.396443438679035
1.00691804022699,1,0.00691804022699216,0.99677686351697,1,-0.00322313648302952,2.00691414227276,2.94889456351666,2.95226168367968,0.268602521370197
0.506932720113582,0.5,0.00693272011358204,0.00145478362992435,0,0.00145478362992435,1.99993925977469,3.57976298362973,3.58313482207486,-0.362270617024985
1.506895657727,1.5,0.00689565772700007,0.462674914539093,0.466,-0.00332508546090687,2.00685397988673,2.98016881453896,2.98361254041234,0.237251664637534
0.506928808749763,0.5,0.00692880874976254,0.612583201130292,0.616,-0.00341679886970814,2.00685450204583,3.18568950113058,3.18894521859989,0.0319189864499854
0.506955742273021,0.5,0.00695574227302131,0.962779299085014,0.966,-0.00322070091498605,1.99996797988751,2.77061619908454,2.7739361413033,0.446928063746574
1.00692516033905,1,0.00692516033905122,1.11279449908398,1.116,-0.00320550091602501,2.00685917113606,3.06046989908464,3.06387304148632,0.156991163563555
1.00691361545432,1,0.00691361545432301,0.0012560722661874,0,0.0012560722661874,1.99996485977317,3.44041337226645,3.4438312250682,-0.222967020018324
1.50690021545506,1.5,0.0069002154550617,0.00136279237995041,0,0.00136279237995041,2.00688386443198,3.1589197923804,3.16223969191433,0.0586245131355456
1.00691420670501,1,0.0069142067050052,0.112630492380049,0.116,-0.00336950761995104,2.00688204227299,3.05224729238034,3.05550500084793,0.165359204201946
0.506929022159056,0.5,0.00692902215905633,0.496665785675759,0.5,-0.00333421432424075,2.00688362215897,3.60485718567543,3.60817978793709,-0.387315582887215
1.00688662886296,1,0.00688662886295788,0.228746456811677,0.232,-0.00325354318832252,2.00685202886325,3.23308085681128,3.23635952307488,-0.0154953180250046
1.50689745772706,1.5,0.00689745772706374,0.00140065010782564,0,0.00140065010782564,2.00688207113581,3.66950395010736,3.67280298396126,-0.451938778911384
0.506963633521082,0.5,0.00696363352108165,0.228677519196935,0.232,-0.00332248080306455,2.006915997953,2.90865071919688,2.91199445043379,0.308869754616086
0.506902600000103,0.5,0.00690260000010312,0.49657799238048,0.5,-0.00342200761951972,1.99994055102343,2.89414229237991,2.89749447018849,0.323369734861383
1.00692191806684,1,0.00692191806683695,0.228659705789141,0.232,-0.00334029421085871,1.99993692215958,3.45179270578865,3.45507661677269,-0.234212411722814
1.00691034693136,1,0.00691034693136316,1.11256129908543,1.116,-0.00343870091457221,2.00688291136339,3.02106529908542,3.02447454647417,0.196389658575705
0.506926824205948,0.5,0.00692682420594792,0.72864508101793,0.732,-0.00335491898206963,2.00688222420558,3.69834518101743,3.70177630566168,-0.480912100611804
1.50690452886374,1.5,0.0069045288637426,0.228657756812026,0.232,-0.00334224318797352,1.99996367522908,3.39847485681184,3.40171513943409,-0.180850934384215
1.50690667784056,1.5,0.00690667784056131,1.61274261453946,1.616,-0.00325738546054355,2.0068868999997,2.82288501453877,2.82618739763112,0.394676807418756
1.00684379329596,1,0.00684379329595686,0.462749921244722,0.466,-0.00325007875527811,2.00684302886384,2.7984468212444,2.80184883052559,0.419015374524284
1.00691287113568,1,0.00691287113568251,1.11264453465265,1.116,-0.00335546534735487,2.00691307784018,3.17046853465217,3.17374436383153,0.0471198412183456
0.49996107318384,0.5,-3.89268161598011e-05,0.00134329238062492,0,0.00134329238062492,1.99991114431941,2.75343989238081,2.75676715537877,0.46409704967111
0.500006697388017,0.5,6.69738801661879e-06,0.612641170220741,0.616,-0.00335882977925939,2.0068843067038,3.48907597022026,3.49252736354112,-0.271663158491244
0.506934435567928,0.5,0.00693443556792772,0.496678656812037,0.5,-0.00332134318796307,2.00685693556807,3.62411245681233,3.62747774624839,-0.406613541198515
0.500012610797057,0.5,1.26107970572775e-05,0.728603770220616,0.732,-0.00339622977938414,1.99994070409321,3.94800767022116,3.95122190127684,-0.730357696226965
1.00693785772728,1,0.00693785772728006,0.00123747897123394,0,0.00123747897123394,2.00688201545472,3.2592091789711,3.26262353332814,-0.0417593282782645
1.4999516731823,1.5,-4.83268177049467e-05,0.112698185675981,0.116,-0.00330181432401878,1.99993619068482,2.96953138567642,2.97282283378372,0.248041371266156
1.00691612681749,1,0.00691612681748666,1.46276525010762,1.466,-0.00323474989237726,2.00688879795416,2.7505415501073,2.7538490420947,0.467015162955176
0.506905104658472,0.5,0.00690510465847183,0.612796970221098,0.616,-0.00320302977890241,2.00685936034006,2.73628087022098,2.739514650471,0.481349554578878
0.506931942272786,0.5,0.00693194227278582,0.962572234652725,0.966,-0.00342776534727451,2.00688844897741,3.30783213465293,3.31119921286407,-0.0903350078141942
1.49995170204602,1.5,-4.82979539810913e-05,1.96256698567595,1.966,-0.0034330143240513,1.99996605102297,3.4246686856759,3.42798680650577,-0.207122601455894
0.506935148976481,0.5,0.00693514897648129,0.496815641356989,0.5,-0.00318435864301136,2.00688747784079,3.70966284135648,3.7130141683602,-0.492149963310324
0.506901793295583,0.5,0.00690179329558305,0.462651956811897,0.466,-0.0033480431881035,2.00688786443152,3.84016425681239,3.84334828721633,-0.622484082166455
1.50689906443222,1.5,0.00689906443221844,1.6125681568119,1.616,-0.00343184318809664,2.00685619329579,3.52351785681185,3.52685059541982,-0.305986390369944
1.50690010875041,1.5,0.0069001087504148,1.49661667226701,1.5,-0.00338332773299044,2.0068845376145,2.82866287226716,2.8320722008193,0.388792004230576
0.50693878659149,0.5,0.0069387865914905,0.228742507835705,0.232,-0.00325749216429541,2.00685654431891,3.08583380783512,3.08910133612909,0.131762868920785
0.499980295341629,0.5,-1.97046583707561e-05,0.228762843403274,0.232,-0.00323715659672599,2.0068806443187,3.31538854340306,3.31870638938832,-0.0978421843384445
0.999973955681526,1,-2.60443184743053e-05,1.46296740783509,1.466,-0.00303259216490548,1.99994687113667,2.76025020783527,2.76350051800598,0.457363687043897
0.506931093295862,0.5,0.0069310932958615,0.0013242923805592,0,0.0013242923805592,2.0068852000004,3.64511059238066,3.64850635237838,-0.427642147328505
0.999939097953757,1,-6.09020462434273e-05,1.22865637692576,1.232,-0.00334362307424452,1.99990851806706,2.69930407692573,2.70274808670985,0.51811611834003
0.500014793296032,0.5,1.47932960317121e-05,0.612590705789444,0.616,-0.00340929421055625,2.00688350670407,3.58692590578903,3.59028504246307,-0.369420837413195
1.50689932420573,1.5,0.00689932420573314,1.49673165215427,1.5,-0.00326834784573293,2.00690793761441,3.71680465215377,3.72011251759331,-0.499248312543434
1.50690033556839,1.5,0.00690033556838898,0.00132301453959371,0,0.00132301453959371,2.0068814644319,3.68833521453962,3.69158823061088,-0.470724025561005
0.506946435567443,0.5,0.00694643556744268,0.228767499083915,0.232,-0.00323250091608498,2.00688550670384,3.37844259908434,3.38171778124405,-0.160853576194175
1.00691727579397,1,0.00691727579396684,1.22880602794794,1.232,-0.0031939720520604,2.00688338659074,3.10318722794818,3.10660608904694,0.114258116002936
0.999967186591675,1,-3.28134083247278e-05,1.46277473465307,1.466,-0.00322526534693313,2.00688143556818,3.57038583465328,3.57368470469723,-0.352820499647355
1.50690040204609,1.5,0.00690040204608522,1.6127710722667,1.616,-0.00322892773330397,2.00691235102295,3.04675907226647,3.05015984945044,0.170704355599435
0.506924815455022,0.5,0.00692481545502233,0.00127810783578752,0,0.00127810783578752,2.00688347318282,3.58734040783565,3.59065233160137,-0.369788126551494
1.00691144431858,1,0.00691144431857538,0.00127428567520838,0,0.00127428567520838,1.99993362829809,3.26244668567597,3.26576689619609,-0.0449026911462145
1.00691148249916,1,0.00691148249916296,0.462786327948379,0.466,-0.00321367205162099,2.00685000670455,3.15400992794821,3.15731971909064,0.0635444859592358
1.00691833556812,1,0.00691833556811616,0.112586534653019,0.116,-0.00341346534698096,2.00688480670397,2.85147003465227,2.85476938868984,0.36609481636004
1.50695974897735,1.5,0.00695974897735141,0.112611370221202,0.116,-0.00338862977879763,1.99993781750163,2.91672727022069,2.92014223881866,0.300721966231213
1.5068691288634,1.5,0.00686912886339996,0.22858602794804,0.232,-0.00341397205195973,1.99990835307017,2.75827222794851,2.76170877907535,0.459155425974529
1.49995343761384,1.5,-4.65623861600761e-05,0.112657085675892,0.116,-0.00334291432410828,2.0069160711364,3.57754718567594,3.58084338494116,-0.359979179891285
1.00691696033937,1,0.00691696033936751,1.11278184806088,1.116,-0.00321815193912345,1.9999397757947,3.87832824806082,3.88168207752844,-0.660817872478565
1.50690224897698,1.5,0.00690224897698499,0.462666527948386,0.466,-0.00333347205161411,2.00688090670428,3.48699762794877,3.49029793133443,-0.269433726284555
1.50690389795272,1.5,0.00690389795272495,0.112626261468904,0.116,-0.00337373853109603,2.00688509124848,3.25205216146878,3.25531906473145,-0.0344548596815746
0.506929815454896,0.5,0.00692981545489602,0.00130517897105165,0,0.00130517897105165,2.00692009999966,3.11580067897103,3.11921893085692,0.101645274192955
1.00691382886362,1,0.0069138288636168,0.996723456812106,1,-0.00327654318789428,1.99993915102368,2.96716185681271,2.97057645793991,0.250287747109966
0.99997073556824,1,-2.92644317596569e-05,1.46261478567612,1.466,-0.0033852143238764,1.99994094897738,3.30330358567608,3.3066150107716,-0.0857508057217244
0.999947595906633,1,-5.24040933669312e-05,0.112748937263859,0.116,-0.00325106273614074,2.00687564488362,3.04011003726373,3.04353460337676,0.177329601673115
1.49995247318293,1.5,-4.75268170703202e-05,0.112701150107569,0.116,-0.00329884989243147,1.99996982886387,2.79739155010793,2.80077345464854,0.42009075040134
1.0069211912496,1,0.006921191249603,1.46274178363001,1.466,-0.00325821636999168,2.00688925568193,2.69972838362992,2.70304405305194,0.517820151997936
0.500026171135687,0.5,2.61711356870364e-05,0.962672341356665,0.966,-0.00332765864333484,2.00691429124981,3.87193064135681,3.87524980353379,-0.654385598483914
1.50689506443177,1.5,0.00689506443177379,0.00137096351681976,0,0.00137096351681976,2.00691014227323,3.05376716351657,3.05721716905562,0.163647035994256
1.00694218920398,1,0.00694218920398271,1.11273897692536,1.116,-0.00326102307464327,2.00687921340887,2.85497827692507,2.85836565593511,0.362498549114763
1.00688484488455,1,0.00688484488455288,1.22876343260577,1.232,-0.00323656739422584,2.00685303352111,2.76497163260592,2.76835447370219,0.452509731347688
1.50686456443236,1.5,0.00686456443236239,0.462579563516556,0.466,-0.00342043648344409,2.00684536443168,3.87124526351636,3.87470085813219,-0.653836653082315
1.49995095102349,1.5,-4.90489765070379e-05,0.112621892380048,0.116,-0.00337810761995207,2.00688262215954,2.72962909238049,2.73287789928612,0.487986305763752
0.49998094431885,0.5,-1.90556811503484e-05,0.462576434652874,0.466,-0.00342356534712601,1.99993697522859,3.81609283465241,3.8193457207643,-0.598481515714425
1.00688618659115,1,0.00688618659114582,0.228630650107334,0.232,-0.00336934989266593,1.99990467057069,3.408913050107,3.41223111332576,-0.191366908275884
1.50689783556754,1.5,0.00689783556754264,1.72877413465267,1.732,-0.00322586534733271,2.00688334227198,2.77866233465284,2.78209886914753,0.43876533590235
0.506928620113285,0.5,0.00692862011328543,0.496608863516485,0.5,-0.00339113648351486,2.00687930670483,3.42659996351631,3.42988390455501,-0.209019699505134
1.50683447113624,1.5,0.00683447113624425,0.228683999084751,0.232,-0.00331600091524889,1.99988379534261,3.33250819908426,3.33583529482104,-0.114971089771164
1.00691596909019,1,0.00691596909018699,0.112567705788933,0.116,-0.00343229421106662,1.99994818567575,3.81310360578937,3.81639625355149,-0.595532048501615
0.500015164431716,0.5,1.51644317156752e-05,0.00131126351607236,0,0.00131126351607236,2.00688732011349,2.89677956351625,2.90022394194979,0.320640263100087
0.499987630910255,0.5,-1.23690897453343e-05,0.228607585675491,0.232,-0.00339241432450946,2.00688508659096,3.96856248567565,3.97181376552238,-0.750949560472504
1.50686990204576,1.5,0.00686990204576432,0.462660307834994,0.466,-0.00333969216500557,1.99991598863744,2.97408110783454,2.97733530210057,0.243528902949306
0.999973393295477,1,-2.66067045231466e-05,0.112563919196873,0.116,-0.00343608080312698,2.00689272681666,3.55921691919684,3.56260626764705,-0.341742062597175
0.999970040226799,1,-2.99597732009715e-05,0.228772634653069,0.232,-0.00322736534693105,2.00688713147611,2.94636153465308,2.94971675589102,0.271147449158859
1.006879004658,1,0.0068790046580034,0.996766621243296,1,-0.00323337875670404,2.00684102215928,2.73001782124356,2.73337640190007,0.487487803149806
1.50689916443116,1.5,0.0068991644311609,1.49662829237968,1.5,-0.00337170762031747,2.00688609329518,2.98980209238016,2.99322142431159,0.227642780738282
0.50692762215931,0.5,0.00692762215930998,0.228704214539903,0.232,-0.00329578546009726,2.00688341545538,3.56540431453959,3.56871206883941,-0.347847863789535
1.50690317579392,1.5,0.00690317579392286,1.72864133931034,1.732,-0.00335866068965696,2.00688937579343,3.23661943930983,3.23993478528659,-0.0190705802367148
1.49995174431933,1.5,-4.82556806673529e-05,1.61268506351644,1.616,-0.00331493648356274,2.00688519999949,2.76508166351596,2.76833382478153,0.452530380268349
0.506960535567487,0.5,0.00696053556748666,0.112617721243623,0.116,-0.00338227875637677,2.00691439999991,3.28509852124353,3.28849412002577,-0.0676299149758943
0.506934313409147,0.5,0.00693431340914685,0.496766712493809,0.5,-0.00323328750619112,2.00688688454466,3.29924091249359,3.302612382557,-0.0817481775071247
0.506928335567864,0.5,0.00692833556786354,0.496610241357303,0.5,-0.00338975864269742,2.00688708454527,3.94229874135726,3.94564819319714,-0.724783988147265
0.500016062385839,0.5,1.60623858391773e-05,0.11277190783494,0.116,-0.00322809216505994,1.99993983761397,3.13867890783513,3.14197979544998,0.0788844095998957
1.49995250875145,1.5,-4.74912485515233e-05,1.61270003465233,1.616,-0.00329996534766552,2.00688347113555,3.72539863465227,3.72882003017611,-0.507955825126235
1.00691778249893,1,0.00691778249893105,0.228773570221165,0.232,-0.00322642977883517,2.00688590670416,3.80328187022133,3.80658678469479,-0.585722579644915
0.999970210797983,1,-2.97892020171275e-05,1.11266725681253,1.116,-0.00333274318747145,1.99995175215372,3.0694912568124,3.07276315354684,0.148101051503035
1.50692595772762,1.5,0.00692595772761706,1.96265161453994,1.966,-0.00334838546006355,1.99993752625232,2.76579391453924,2.76910110558208,0.4517630994678
1.49992588863824,1.5,-7.41113617550582e-05,0.228638943402984,0.232,-0.00336105659701572,2.00685810875075,3.21536924340307,3.21876360389469,0.00210060115518562
0.499986420113601,0.5,-1.35798863993841e-05,0.112666170221019,0.116,-0.00333382977898146,1.99996804227249,2.80073777022153,2.80409645066853,0.416767754381341
1.50689695772689,1.5,0.00689695772689447,0.228768721243796,0.232,-0.00323127875620413,2.0068834865906,3.70845472124347,3.71189634538761,-0.491032140337734
1.49998578659142,1.5,-1.42134085763246e-05,0.112729834652782,0.116,-0.0032701653472177,2.00688471340891,3.0988880346531,3.10222805275384,0.118636152296036
0.499982524206644,0.5,-1.74757933564251e-05,0.962618085675786,0.966,-0.00338191432421442,2.00688360000004,2.84193108567615,2.84516941809703,0.37569478695285
1.50686954431876,1.5,0.00686954431876075,0.462653907835374,0.466,-0.00334609216462561,2.006852408751,3.18124700783574,3.18445282145267,0.0364113835972057
1.00688597784028,1,0.00688597784028389,0.462569485674976,0.466,-0.003430514325024,2.0068521778403,2.97453358567509,2.97785692639393,0.243007278655941
0.506920402046489,0.5,0.00692040204648947,0.728596736698819,0.732,-0.00340326330118113,2.00690805102295,3.75711813669841,3.76053233622133,-0.539668131171455
0.506922493294951,0.5,0.00692249329495098,0.496750056811834,0.5,-0.00324994318816607,2.00687782215846,2.84936865681175,2.85250752660252,0.36835667844736
0.506922244318048,0.5,0.00692224431804789,0.11280003669799,0.116,-0.00319996330200957,2.00685277318189,2.8670271366982,2.87045523220754,0.350408972842335
1.00691532215933,1,0.00691532215932966,0.46260469238041,0.466,-0.00339530761959034,2.00691069999993,3.23500249238077,3.23833372709,-0.0174695220401242
0.506931284545317,0.5,0.00693128454531688,0.228573276925999,0.232,-0.00342672307400063,2.00687957784066,3.00059467692518,3.00404230618969,0.216821898860186
0.506934600000022,0.5,0.00693460000002233,0.228696099085028,0.232,-0.00330390091497249,2.00688390670439,3.0767506990851,3.07994360455888,0.140920600490996
0.999945933522213,1,-5.40664777872735e-05,0.00136891249348992,0,0.00136891249348992,2.00685696909022,3.05182491249343,3.05516473000035,0.165699475049526
1.50690221340847,1.5,0.0069022134084662,1.61260854135708,1.616,-0.00339145864292378,2.00691888454458,2.85420994135711,2.85763603773353,0.363228167316349
1.00691611136335,1,0.00691611136335268,1.46274552794875,1.466,-0.00325447205124507,2.00691199124958,2.80946452794888,2.81275945839656,0.408104746653319
0.506928064432032,0.5,0.00692806443203153,0.496703627948591,0.5,-0.00329637205140898,2.0068762288638,2.74314642794889,2.7465380006487,0.474326204401172
1.50690235568072,1.5,0.00690235568072239,0.228823770220515,0.232,-0.00317622977948487,2.00691244897644,3.03067427022052,3.03391399365054,0.186950211399336
1.50689390409207,1.5,0.0068939040920668,0.228879681017133,0.232,-0.0031203189828666,2.00688041750072,3.48301798101693,3.48638898006204,-0.265524775012165
1.50688988863749,1.5,0.00688988863748818,1.72881500988115,1.732,-0.00318499011885431,2.00688178863766,3.09172500988188,3.09495265560992,0.125911549439955
1.50689573556792,1.5,0.00689573556792311,0.462634999084912,0.466,-0.0033650009150879,2.00688609999997,3.79117469908488,3.79446662426887,-0.573602419218995
0.506929462385415,0.5,0.00692946238541481,0.612702154765429,0.616,-0.00329784523457055,2.00687970670333,2.82784525476563,2.83110943639108,0.3897547686588
0.500014019547962,0.5,1.40195479616523e-05,0.228637350108329,0.232,-0.00336264989167104,2.00688280875056,3.67456165010753,3.67711531387338,-0.456251108823505
0.506959048976569,0.5,0.00695904897656874,0.228609999084256,0.232,-0.00339000091574418,2.00688219124913,3.884371099085,3.88768765272083,-0.666823447670954
0.506928608750059,0.5,0.00692860875005863,0.00135127897101484,0,0.00135127897101484,2.00688515772708,3.47517047897145,3.47852326045048,-0.257659055400604
1.50692106443239,1.5,0.00692106443239027,1.96257982124462,1.966,-0.00342017875538292,2.00688002886363,3.42278022124447,3.42606516475171,-0.205200959701834
0.499981893295626,0.5,-1.81067043740768e-05,0.728670221244101,0.732,-0.00332977875589857,1.9999338597745,3.2550460212442,3.25847516750459,-0.0376109624547145
1.50690102215867,1.5,0.00690102215867228,0.228609114538813,0.232,-0.00339088546118729,2.00688835102301,2.87827791453947,2.88167142163115,0.339192783418726
0.499977179886628,0.5,-2.28201133722905e-05,0.962625527948148,0.966,-0.0033744720518516,2.00687716647826,3.75379662794785,3.75718371137762,-0.536319506327745
0.506963706704482,0.5,0.00696370670448232,0.112716492380059,0.116,-0.0032835076199408,1.99993790204644,3.05928939238038,3.06272681168313,0.158137393366745
0.999967079887028,1,-3.29201129716239e-05,1.22877047226666,1.232,-0.00322952773333962,1.99996639329584,2.71552437226728,2.71882321077704,0.502040994272838
0.999999479888174,1,-5.20111825608183e-07,1.22870673465331,1.232,-0.00329326534668506,1.99994027113644,3.24515493465333,3.24848896807183,-0.0276247630219544
0.499985930910043,0.5,-1.40690899570473e-05,0.228858307835253,0.232,-0.00314169216474694,2.0068545221593,3.73463260783501,3.73786922174883,-0.517005016698954
0.506929099999979,0.5,0.00692909999997937,0.962637156811979,0.966,-0.0033628431880206,2.00684460000048,2.70873675681196,2.71215313327941,0.508711071770465
0.506927364432158,0.5,0.00692736443215836,0.228730392380385,0.232,-0.00326960761961528,2.00688453556813,3.09884279238031,3.10209483238785,0.118769372662025
0.506957099999454,0.5,0.00695709999945393,0.612610285676055,0.616,-0.00338971432394464,2.00690829999985,3.06998398567521,3.07334134176897,0.147522863280906
0.999968077840094,1,-3.19221599056618e-05,0.00125077897155279,0,0.00125077897155279,2.00688509795418,2.78925407897077,2.79259926966223,0.428264935387647
1.50689223556765,1.5,0.00689223556764773,1.49673455681204,1.5,-0.00326544318795641,1.9999607221589,3.73151715681161,3.73485477073354,-0.513990565683665
1.4999524865907,1.5,-4.75134092994267e-05,1.61257402794763,1.616,-0.00342597205236972,1.99996449068385,3.26765732794775,3.27106346944144,-0.0501992643915647
1.0069136247721,1,0.00691362477209623,1.22875410578945,1.232,-0.00324589421055133,1.99994271340893,2.70088410578956,2.70421563897147,0.51664856607841
0.500011444319171,0.5,1.14443191705504e-05,0.00140795476545463,0,0.00140795476545463,1.99996888863734,3.35071295476519,3.3539614288434,-0.133097223793524
1.49995346443211,1.5,-4.6535567889805e-05,1.96282403465284,1.966,-0.00317596534715991,2.00691511340938,3.68389323465271,3.68726009614203,-0.466395891092155
1.00694208920322,1,0.00694208920322126,0.996615099084011,1,-0.00338490091598942,2.00691160670431,3.46520459908425,3.46857658516618,-0.247712380116305
0.500014799999917,0.5,1.47999999171589e-05,0.728616412493466,0.732,-0.00338358750653422,2.00688267784062,2.97297991249343,2.9763507913815,0.244513413668372
1.50689974897705,1.5,0.00689974897704815,1.61266389238062,1.616,-0.00333610761937608,2.00685312886435,2.7098515923808,2.71317721091931,0.507686994130569
0.999966268524986,1,-3.37314750140649e-05,0.11267551453966,0.116,-0.00332448546033993,2.00685175102262,2.76121711453925,2.76466676269045,0.456197442359429
1.49995558659157,1.5,-4.44134084318648e-05,1.96261669908472,1.966,-0.00338330091528039,1.99994414431967,2.86123089908506,2.86448480024323,0.356379404806645
0.499984679886438,0.5,-1.53201135617564e-05,0.462777521243879,0.466,-0.00322247875612086,2.00688293556777,3.04328332124351,3.04668459046745,0.174179614582425
0.99996822011326,1,-3.17798867399688e-05,0.0014411057891266,0,0.0014411057891266,2.00688677113612,3.21201660578936,3.21542449406985,0.00543971098002549
0.999974677840328,1,-2.53221596722142e-05,1.22868005681175,1.232,-0.0033199431882458,2.0069147046579,3.70755815681241,3.71091348278153,-0.490049277731655
1.50689912886355,1.5,0.0068991288635516,1.96271952794814,1.966,-0.00328047205186155,2.00692017784058,2.78655722794883,2.79002185009492,0.430842354954954
1.499953859774,1.5,-4.61402260043542e-05,0.112626443403315,0.116,-0.00337355659668538,1.999937539661,2.79900864340379,2.80242662628887,0.418437578761008
1.00688273556807,1,0.00688273556806962,1.11271025681253,1.116,-0.00328974318746633,2.00685476909075,3.21108575681228,3.21448646312697,0.00637774192290541
0.999942315454973,1,-5.76845450268593e-05,0.462824414538773,0.466,-0.00317558546122748,1.99991629329543,3.24998541453897,3.25340542876735,-0.0325412237174745
0.499981008751092,0.5,-1.8991248907696e-05,0.228595521244642,0.232,-0.00340447875535757,1.99993613295737,3.88865742124472,3.89209109296716,-0.671226887917284
0.999998137614057,1,-1.86238594324095e-06,0.462605750108196,0.466,-0.00339424989180409,2.00688479329528,3.69945895010733,3.70291695023194,-0.482052745182064
1.00688496443217,1,0.00688496443217446,0.00129829238085222,0,0.00129829238085222,2.00685625772803,3.46802499238038,3.47138810332615,-0.250523898276275
1.00691942681806,1,0.00691942681805813,1.46268037897153,1.466,-0.00331962102847316,1.99993749068472,2.79583047897177,2.79922115547601,0.421643049573861
0.999970724205014,1,-2.92757949864608e-05,0.46266761658535,0.466,-0.00333238341465042,2.00691157784058,3.07381521658499,3.07722803858677,0.143636166463105
1.00693992420565,1,0.00693992420565337,0.112633681017542,0.116,-0.00336631898245833,2.0068813242051,3.03913078101687,3.04244024332729,0.178423961722586
1.49992190875128,1.5,-7.80912487243768e-05,0.228799892380266,0.232,-0.00320010761973391,1.99990243966204,2.96699089238064,2.97036634426095,0.250497860788926
1.50686725102332,1.5,0.00686725102332275,1.49660064340333,1.5,-0.0033993565966739,2.0068816221592,3.13719884340298,3.1405210263995,0.0803431786503754
1.49995851136282,1.5,-4.14886371800094e-05,0.00131809238064307,0,0.00131809238064307,1.99994154022716,2.86936859238085,2.87283243794279,0.348031767107081
0.506929371136721,0.5,0.00692937113672087,0.228732934652726,0.232,-0.0032670653472742,2.00688607113625,3.52044243465298,3.52384093231336,-0.302976727263484
1.00691579590784,1,0.00691579590784386,0.996600334652612,1,-0.00339966534738778,1.99997181750223,3.90114633465237,3.90460589167642,-0.683741686626544
0.499988226251844,0.5,-1.17737481559743e-05,0.612709399084451,0.616,-0.00329060091554856,2.00689127113583,2.85066829908465,2.85403515052687,0.366829054523004
1.00691567113608,1,0.00691567113608471,1.1127814279489,1.116,-0.0032185720510971,2.00688220875145,2.96168832794865,2.96496513522217,0.255899069827708
1.50690347113596,1.5,0.00690347113595635,1.61260362794837,1.616,-0.00339637205162591,2.00691863556767,3.76825302794805,3.7716895411531,-0.550825336103224
0.506924928863555,0.5,0.00692492886355467,0.49675659908462,0.5,-0.00324340091538033,2.00688370670377,3.21503719908378,3.21839880765012,0.00246539739975571
1.00692348249959,1,0.00692348249958741,1.11270880578923,1.116,-0.00329119421077495,1.99995364340339,3.56183020578919,3.56508019996479,-0.344215994914915
1.50686539329581,1.5,0.00686539329581137,0.228640114539303,0.232,-0.00335988546069713,2.00685162886384,3.39262691453951,3.39592102758449,-0.175056822534614
0.506922879887497,0.5,0.0069228798874974,0.612695378971694,0.616,-0.00330462102830642,1.99993278863803,2.77175787897158,2.77503371603122,0.445830489018658
1.49995907988614,1.5,-4.09201138609205e-05,1.61268751453918,1.616,-0.00331248546082508,1.99993602215909,3.67324711453966,3.67653490932505,-0.455670704275175
0.499976951024109,0.5,-2.30489758905605e-05,0.22873057022116,0.232,-0.00326942977884029,1.99996345772706,3.36426607022076,3.3675533924352,-0.146689187385324
1.50689735772721,1.5,0.00689735772721178,1.49662842124326,1.5,-0.00337157875674166,2.00691726443165,3.64918612124347,3.65259454292339,-0.431730337873514
1.00688062215977,1,0.0068806221597697,0.228670421243805,0.232,-0.00332957875619469,2.00685410670485,2.80064472124377,2.80398777600945,0.416876429040427
0.50693145772766,0.5,0.00693145772766002,0.612705678970997,0.616,-0.00329432102900318,2.00688166647797,2.93773907897139,2.94109439179306,0.279769813256815
1.50690272886368,1.5,0.00690272886367893,0.112586627948076,0.116,-0.00341337205192395,2.00691692215878,3.55076372794792,3.55405465932147,-0.333190454271595
1.49995637318261,1.5,-4.36268173871213e-05,1.61260655010756,1.616,-0.00339344989244283,2.00688528659157,2.90832635010793,2.9117375148398,0.309126690210071
0.506900851022692,0.5,0.00690085102269222,0.962714065562068,0.966,-0.00328593443793213,1.99990261954736,3.15662936556237,3.15996864356335,0.0608955614865252
1.50687301545531,1.5,0.00687301545531227,1.72856917897207,1.732,-0.00343082102793413,2.00686065102309,2.9478115789716,2.95119506309083,0.269669141959049
1.50687062215911,1.5,0.00687062215911283,0.228680350107425,0.232,-0.00331964989257541,2.00685842215898,3.1821645501077,3.18546522176453,0.0353989832853454
1.50690397579365,1.5,0.00690397579364799,1.49667113930991,1.5,-0.00332886069008964,1.99994605102256,2.90455393931006,2.90799430398301,0.312869901066863
0.50695671545509,0.5,0.00695671545508958,0.496634336698662,0.5,-0.00336566330133792,2.00688009534133,3.36177463669901,3.36521515048781,-0.144350945437934
1.0069134288633,1,0.00691342886329949,0.00129566351643007,0,0.00129566351643007,1.99993498659114,3.77391426351642,3.77736953023871,-0.556505325188835
0.499981888638104,0.5,-1.81113618964446e-05,0.462751192379983,0.466,-0.00324880762001706,2.0069156644322,2.90687279238045,2.91014630335869,0.310717901691186
1.50693184227293,1.5,0.00693184227293386,1.96266966351686,1.966,-0.00333033648313719,2.00688316443211,2.80012826351685,2.80350072521645,0.417363479833423
1.50690256033886,1.5,0.00690256033885817,0.112780368173844,0.116,-0.00321963182615582,2.00686088920247,3.11963536817439,3.12298805892858,0.0978761461212958
1.00695014022585,1,0.00695014022585383,0.00125111453871796,0,0.00125111453871796,2.00689346238505,3.64425721453881,3.64770878294866,-0.426844577898785
0.506923664432179,0.5,0.00692366443217907,0.00131175681235618,0,0.00131175681235618,2.00688627113686,2.70356555681246,2.70692114097086,0.513943064079018
1.50689521340882,1.5,0.00689521340882493,1.96265047692577,1.966,-0.00334952307422642,1.99993448193436,3.51534587692549,3.51865450522592,-0.297790300176044
1.50692453556803,1.5,0.0069245355680323,0.228739585675612,0.232,-0.00326041432438798,2.00690874227257,3.16584228567535,3.16920204194152,0.0516621631083556
1.4999256731835,1.5,-7.43268165024347e-05,1.96276222794859,1.966,-0.00323777205141229,2.00685271545444,3.96905542794866,3.9724488749577,-0.751584669907825
1.49998340875027,1.5,-1.65912497323006e-05,1.72864335010763,1.732,-0.00335664989236828,2.00688652215922,3.68343255010768,3.68671110221171,-0.465846897161835
0.506927204657586,0.5,0.00692720465758612,0.612705032605845,0.616,-0.0032949673941548,2.00688495568011,3.21531083260561,3.21865195579212,0.00221224925775543
1.00694018454578,1,0.00694018454578327,0.112627392380091,0.116,-0.00337260761990911,1.99993662681754,3.42519559238008,3.42865776004119,-0.207793554991315
1.50687085772734,1.5,0.00687085772733553,0.462589907834627,0.466,-0.00341009216537352,1.99990445511594,3.09803840783479,3.10147737565165,0.119386829398225
0.506960771135709,0.5,0.00696077113570936,0.728791256811746,0.732,-0.0032087431882537,2.0068853510229,3.20988245681201,3.21330588132095,0.0075583237289254
0.499987093295204,0.5,-1.29067047964782e-05,0.00134326351599157,0,0.00134326351599157,1.99993907988664,3.56760346351621,3.57085575448518,-0.349991549435305
1.50690035102343,1.5,0.00690035102343245,1.61263528567542,1.616,-0.0033647143245763,1.99993127727521,3.17106528567547,3.17441060896388,0.0464535960859953
0.499984341707204,0.5,-1.56582927957061e-05,0.728729050107177,0.732,-0.00327094989282339,2.00688979999995,3.9002472501079,3.90350416335376,-0.682639958303884
0.999973697953465,1,-2.63020465354202e-05,1.22873273465211,1.232,-0.00326726534788757,2.00688851806717,3.33586053465206,3.33918285739749,-0.118318652347615
0.499978553069923,0.5,-2.1446930077218e-05,0.112735992380294,0.116,-0.00326400761970581,2.00688296443241,3.6024892923806,3.60580354691206,-0.384939341862184
0.506898628863382,0.5,0.00689862886338233,0.496606756812071,0.5,-0.00339324318792933,2.00685460000022,3.57144985681225,3.57479862470762,-0.353934419657745
0.49998432886423,0.5,-1.56711357703898e-05,0.00127594340392534,0,0.00127594340392534,1.9999639242069,3.33635304340351,3.33964072430677,-0.118776519256895
0.500030432956009,0.5,3.04329560094629e-05,0.462684485675709,0.466,-0.00331551432429117,2.0068844644311,2.83414658567563,2.83741505349151,0.383449151558368
0.506933733521691,0.5,0.00693373352169147,0.728725390333238,0.732,-0.00327460966676152,2.00688426238503,2.81440969033338,2.8176837024543,0.403180502595574
0.999967446366099,1,-3.25536339005339e-05,1.112685472267,1.116,-0.0033145277329969,2.00685250875085,3.47618757226701,3.47954777773016,-0.258683572680285
0.499984751023476,0.5,-1.52489765241626e-05,0.612751827949069,0.616,-0.00324817205093131,2.00688630000059,3.59910692794892,3.60239044723464,-0.381526242184765
1.50686470875007,1.5,0.00686470875007217,1.61278480783494,1.616,-0.0032151921650585,2.0068821865907,3.87916480783497,3.88256647443304,-0.661702269383165
1.00691759795336,1,0.00691759795336111,1.46283235010742,1.466,-0.00316764989258078,2.0068816221592,3.61112695010706,3.61451717379186,-0.393652968741985
0.999967062385622,1,-3.29376143781701e-05,1.11263055681229,1.116,-0.00336944318770849,2.00685757579504,2.80073255681236,2.80418794252265,0.416676262527222
1.50692843556862,1.5,0.00692843556862499,0.112714978971781,0.116,-0.0032850210282195,2.00691652215937,2.82981077897148,2.83315672961416,0.387707475435711
1.00691500465837,1,0.00691500465836725,1.11266006351707,1.116,-0.00333993648293118,2.00688804693164,2.74724466351654,2.75062510426882,0.47023910078106
1.50689817113653,1.5,0.0068981711365268,1.49660957022115,1.5,-0.00339042977884674,2.00688306443226,2.96281397022085,2.96627184435042,0.254592360699454
0.506929164432222,0.5,0.00692916443222202,0.228740521244617,0.232,-0.0032594787553826,2.00688078659186,3.38992982124455,3.39321213631866,-0.172347931268785
0.999941735568427,1,-5.82644315727521e-05,1.11273011249432,1.116,-0.00326988750568136,2.00685411806808,2.74766631249349,2.75097060182519,0.469893603224684
0.999974597953951,1,-2.54020460488391e-05,0.112611834652853,0.116,-0.00338816534714716,1.99994440465889,2.94857753465294,2.95186523594618,0.2689989691037
1.00691604227268,1,0.00691604227267817,0.462782012493335,0.466,-0.00321798750666497,2.00688508454459,3.73990791249344,3.74332193622206,-0.522457731172184
0.499950290683955,0.5,-4.97093160447548e-05,0.00132978567580722,0,0.00132978567580722,2.00685222215907,3.58987688567595,3.59327604288778,-0.372411837837904
1.5068717221593,1.5,0.00687172215930332,1.96259742124403,1.966,-0.00340257875597305,2.00685228659131,3.39616862124331,3.39955176810932,-0.178687563059444
1.50689524897734,1.5,0.00689524897734373,0.00140783465303684,0,0.00140783465303684,2.00688276443179,3.62987593465277,3.63311514888299,-0.412250943833115
1.0069166355679,1,0.00691663556790445,1.11269643465221,1.116,-0.00330356534779286,2.00688616443131,2.78255483465273,2.78602040890564,0.434843796144234
1.4999498819343,1.5,-5.01180657010991e-05,0.462760534653171,0.466,-0.00323946534682912,2.00688256443209,2.82177833465266,2.8251686251054,0.395695579944471
1.00689158454588,1,0.00689158454588323,1.11281910113121,1.116,-0.0031808988687918,2.00688735772746,2.92954120113154,2.93294184969968,0.287922355350195
1.00691318863755,1,0.00691318863755441,0.462691616586199,0.466,-0.00330838341380152,2.00688421750147,3.40240561658538,3.40582123672056,-0.184957031670685
0.999967266478961,1,-3.27335210386082e-05,0.00130829908448504,0,0.00130829908448504,1.99996610409289,3.15290969908438,3.156292993718,0.0645712113318755
1.50689682886332,1.5,0.00689682886331866,1.72862142794838,1.732,-0.00337857205161707,2.00688256443209,3.16734512794847,3.17065962748968,0.0502045775601951
1.50687106443183,1.5,0.00687106443183438,0.228766092380283,0.232,-0.00323390761971679,2.00685439329573,3.9033227923801,3.90656955876274,-0.685705353712865
1.50689883091127,1.5,0.00689883091126831,1.72869292124415,1.732,-0.00330707875585357,2.00688537113638,2.74031942124475,2.74368869634306,0.477175508706817
1.50690599795416,1.5,0.00690599795416347,0.112566012493517,0.116,-0.0034339875064834,2.00688928454565,3.74882691249331,3.75217141538074,-0.531307210330865
1.50687279329577,1.5,0.00687279329576995,1.49677386351686,1.5,-0.00322613648313563,2.0068590355686,2.8008096635167,2.8040588665399,0.416805338509978
0.499986490684023,0.5,-1.35093159769895e-05,0.00128432124438405,0,0.00128432124438405,2.00688658659146,3.14480462124448,3.14817995107693,0.0726842539729455
0.506956513409023,0.5,0.00695651340902259,0.00132989908433956,0,0.00132989908433956,1.99993493761485,3.99643399908473,3.99979365426705,-0.778929449217174
1.50692592420546,1.5,0.00692592420546134,0.228667852154103,0.232,-0.00333214784589655,2.00690613090956,3.84225055215393,3.84549334174327,-0.624629136693394
1.00691346909025,1,0.00691346909025015,0.996720985675893,1,-0.00327901432410727,1.99993620875011,3.64654658567542,3.64983665980455,-0.428972454754675
1.50689902681734,1.5,0.00689902681733656,0.462690361469868,0.466,-0.00330963853013239,2.00688469124907,3.44890206147011,3.45232672690793,-0.231462521858055
0.999976582498675,1,-2.34175013247295e-05,0.112778234652069,0.116,-0.00322176534793107,1.99994319795405,3.76508413465217,3.76841204741682,-0.547547842366944
1.00691636238571,1,0.00691636238570936,0.996729050108115,1,-0.00327094989188481,1.99995038772158,2.97916375010755,2.98258058047373,0.238283624576141
0.506899957727001,0.5,0.00689995772700058,0.612583056811673,0.616,-0.00341694318832741,2.0068547288638,2.79185835681164,2.79530984343669,0.425554361613186
1.49995386647879,1.5,-4.61335212094127e-05,1.61275402124465,1.616,-0.00324597875534538,2.00691526443188,3.50772822124418,3.51119263175739,-0.290328426707514
1.50687221340922,1.5,0.00687221340922406,0.00141154135781107,0,0.00141154135781107,2.00685304227318,3.42286414135742,3.42619326021461,-0.205329055164734
0.50001618454553,0.5,1.61845455295406e-05,0.962684505789184,0.966,-0.00331549421081578,2.00687974227276,3.22124340578921,3.22448507243981,-0.00362086738993472
0.506931342272765,0.5,0.0069313422727646,0.496644370221475,0.5,-0.00335562977852533,1.99997751545561,3.2370941702211,3.24035165801965,-0.0194874529697744
1.00691228454434,1,0.00691228454434167,0.996777048061631,1,-0.00322295193836908,2.00688482011265,3.5319875480609,3.53519345193438,-0.314329246884505
0.999964562386594,1,-3.54376134055201e-05,1.11259065681224,1.116,-0.00340934318775554,1.9999118556816,2.79643015681268,2.79985185794607,0.421012347103808
1.00691721136354,1,0.00691721136354317,0.00131913465338585,0,0.00131913465338585,2.00688510670443,2.99307623465302,2.99641051823116,0.224453686818715
1.50692943556805,1.5,0.00692943556805403,0.462779456811404,0.466,-0.00322054318859594,1.99993382625235,3.27451355681205,3.27794357404595,-0.0570793689960745
1.50689513352063,1.5,0.00689513352062932,0.00191909703698911,0,0.00191909703698911,2.00687944022502,3.82081669703712,3.82373253880918,-0.602868333759305
1.50692993556822,1.5,0.0069299355682233,1.72876749238003,1.732,-0.0032325076199704,2.00688559329592,2.82536269238062,2.82869746827491,0.392166736774961
1.50689597784094,1.5,0.00689597784094076,0.112649863516708,0.116,-0.00335013648329187,2.00688255102341,3.01404366351653,3.01730895466689,0.203555250382985
0.506951066477995,0.5,0.00695106647799548,0.228712158857888,0.232,-0.00328784114211159,2.00687589534209,3.37641395885839,3.37971353262195,-0.158849327572074
0.506929364431926,0.5,0.00692936443192593,0.612858121243335,0.616,-0.00314187875666538,2.00688439999976,2.85542262124363,2.85882264266244,0.36204156238744
1.50690355772713,1.5,0.00690355772712792,1.61285652124388,1.616,-0.00314347875611576,1.99996604636544,3.85681492124422,3.86008821407375,-0.639224009023875
1.50689203761431,1.5,0.0068920376143069,1.96269943669904,1.966,-0.00330056330095974,2.00687526647744,3.33398103669879,3.33692502260599,-0.116060817556114
0.506901293296323,0.5,0.00690129329632327,0.112595592380785,0.116,-0.00340440761921491,2.00688386443198,2.79547799238026,2.79877634506402,0.422087859985854
1.00688386909042,1,0.00688386909041583,0.228698756812264,0.232,-0.00330124318773597,2.00685576238629,3.46658925681186,3.46988250967008,-0.249018304620205
1.50692330000038,1.5,0.00692330000038055,0.00128282124387624,0,0.00128282124387624,2.0069104288641,3.12994032124425,3.13318232629376,0.0876818787561158
1.00691645363531,1,0.00691645363531279,1.11266027022066,1.116,-0.00333972977934183,2.00690856033998,2.75069237022126,2.75400064086248,0.466863564187392
1.00690831340853,1,0.00690831340853038,0.462600105788624,0.466,-0.00339989421137582,2.00687772011315,3.18245070578905,3.18589803004737,0.0349661750025057
1.50689571545536,1.5,0.00689571545535728,1.49665007897147,1.5,-0.00334992102852993,1.99993625568186,3.76047187897166,3.76393700128968,-0.543072796239804
1.50689690000036,1.5,0.00689690000035625,1.49663569908444,1.5,-0.00336430091556394,1.99996779738922,3.39655079908516,3.39995695631909,-0.179092751269215
0.506932035567843,0.5,0.00693203556784283,0.612793670220526,0.616,-0.00320632977947388,1.99993594431908,3.24478067022028,3.2481498143938,-0.0272856093439247
0.506930071135685,0.5,0.00693007113568456,0.496761150107886,0.5,-0.00323884989211365,2.00691069329514,3.63006235010744,3.63337552773169,-0.412511322681814
1.50693090670484,1.5,0.00693090670483798,0.228653934653266,0.232,-0.00334606534673368,2.00688153556894,3.70723393465323,3.71067397087052,-0.489809765820644
1.00691984693094,1,0.00691984693094128,0.996825234653443,1,-0.00317476534655725,1.99994011750186,3.74529523465299,3.74867399657841,-0.527809791528535
1.00691269124945,1,0.00691269124945393,0.996770407834447,1,-0.00322959216555319,1.99996892886338,3.14793530783481,3.15119718799562,0.0696670170542557
1.00689070465887,1,0.00689070465887198,0.112613092380343,0.116,-0.003386907619657,2.00688693556822,3.38205199238018,3.38530894873306,-0.164444743683185
0.499955373183184,0.5,-4.46268168161623e-05,0.00139724135715369,0,0.00139724135715369,2.00685824227276,3.70884804135767,3.71210273027325,-0.491238525223375
1.50689725772736,1.5,0.00689725772735983,0.228760585675445,0.232,-0.00323941432455468,2.0068823510228,3.05981748567592,3.06320691436235,0.157657290687526
1.49995138193299,1.5,-4.86180670122849e-05,1.96260632794747,1.966,-0.00339367205253072,2.0068826422721,3.22408902794814,3.22745675610321,-0.00659255105333445
1.50689609999972,1.5,0.00689609999972163,1.72870299238002,1.732,-0.00329700761997809,1.99993670204731,3.1334493923805,3.13668951534317,0.0841746897067055
1.00691344693041,1,0.00691344693041174,0.462571363515963,0.466,-0.0034286364840373,2.00688491136225,2.96581886351578,2.96910459519479,0.251759609855086
1.00691504693077,1,0.0069150469307715,0.00133822794759908,0,0.00133822794759908,2.00685651545427,3.75452522794785,3.75778326783177,-0.536919062781894
0.999938997953905,1,-6.1002046095382e-05,0.228692263515768,0.232,-0.00330773648423202,1.99993957113566,3.30338576351642,3.30678257659813,-0.0859183715482548
1.50690165306969,1.5,0.00690165306968993,1.61258748772252,1.616,-0.00341251227747863,2.0069132530698,3.44009218772226,3.44352152603171,-0.222657320981835
0.506928766477358,0.5,0.00692876647735829,0.496738187721348,0.5,-0.00326181227865163,2.00685698863708,2.94528578772133,2.94871698631975,0.272147218730122
1.00688796443228,1,0.00688796443228057,1.11257462124377,1.116,-0.00342537875623394,1.99990981954852,3.72612062124426,3.72956886341881,-0.508704658368934
1.5069738422726,1.5,0.00697384227260045,1.61272025681137,1.616,-0.00327974318862845,2.00688545102275,3.08885145681143,3.09223045742527,0.128633747624606
1.49991886852422,1.5,-8.11314757811488e-05,0.462624456811682,0.466,-0.00337554318831829,2.00685282215909,3.87628545681127,3.87953615940466,-0.658671954354785
0.499985388638379,0.5,-1.46113616210641e-05,0.00134484135742241,0,0.00134484135742241,2.00689181340931,2.75921064135764,2.76252817855939,0.458336026490485
1.00688039329543,1,0.00688039329543244,0.00130769238057837,0,0.00130769238057837,2.00685029329543,3.46915279238056,3.47240300922349,-0.251538804173615
1.00690987579401,1,0.00690987579400826,0.996667927947783,1,-0.00333207205221697,2.00688375363552,3.03245472794788,3.03584385183,0.185020353219875
0.499988251023751,0.5,-1.17489762487821e-05,0.612782741357478,0.616,-0.0032172586425222,2.00688762681784,2.74938694135744,2.75279263509728,0.468071569952595
0.506926908750756,0.5,0.00692690875075641,0.962753750107368,0.966,-0.00324624989263245,2.00688338659074,2.82881535010802,2.8322116838578,0.388652521192073
1.50692235772749,1.5,0.00692235772748973,1.96273201453914,1.966,-0.00326798546085771,1.99997222215916,3.20367641453959,3.20692827313149,0.0139359319183852
0.50695787784025,0.5,0.00695787784025015,0.462732063516341,0.466,-0.00326793648365858,2.00687807784016,3.14507716351636,3.14848386406825,0.0723803409816255
1.00691829590778,1,0.0069182959077807,0.228624976924948,0.232,-0.00337502307505202,1.99994069329568,3.24438047692456,3.2476166605648,-0.0267524555149246
1.50690595363449,1.5,0.00690595363448665,0.228769874878708,0.232,-0.00323012512129209,1.99994564431836,2.85874537487871,2.8621253358811,0.358738869168778
0.506927835568604,0.5,0.00692783556860377,0.962861399085341,0.966,-0.00313860091465901,2.00688614227329,3.45034109908465,3.4537660970117,-0.232901891961824
1.50690250670505,1.5,0.00690250670504611,1.4967329923802,1.5,-0.00326700761979737,2.00685749329568,2.73891849238044,2.74232160912826,0.478542595921612
0.506915571701938,0.5,0.00691557170193846,0.496785399650435,0.5,-0.00321460034956544,2.00686833613327,2.94203519964958,2.94528217234908,0.275582032700791
1.00691920670488,1,0.00691920670487889,0.228758434653173,0.232,-0.00324156534682699,2.0069157134094,3.10412503465341,3.10744016503708,0.113424040012795
1.00688771340901,1,0.0068877134090144,0.112587356811673,0.116,-0.00341264318832692,2.00685755772702,3.80995305681154,3.81323449564868,-0.592370290598804
1.50687010000001,1.5,0.00687010000001465,1.4967428923801,1.5,-0.00325710761990194,2.00685632886325,2.86236559238023,2.86573910245572,0.355125102594156
1.49995186647902,1.5,-4.81335209769895e-05,0.00134527022146358,0,0.00134527022146358,1.99993799329604,3.01085987022088,3.01422472104129,0.206639484008585
1.49995603761454,1.5,-4.39623854617821e-05,0.112765414539354,0.116,-0.00323458546064649,1.99993743761479,3.17762131453946,3.18107911930145,0.0397850857484254
1.50689995102312,1.5,0.00689995102311514,0.112853314539279,0.116,-0.00314668546072062,2.00688531545529,3.00716211453982,3.01052666201637,0.210337543033505
0.999963755115459,1,-3.62448845407926e-05,0.228702470220924,0.232,-0.0032975297790763,1.9999395443192,2.86038127022039,2.86384337677663,0.357020828273245
0.50692928454464,0.5,0.00692928454463981,0.112639683628913,0.116,-0.00336031637108682,2.0068832201132,2.96983448362971,2.973094715448,0.247769489601878
0.9999734711364,1,-2.6528863600106e-05,0.112636341357756,0.116,-0.00336365864224354,1.99994927579519,3.30644274135739,3.30971297196749,-0.0888487669176143
0.506904753634444,0.5,0.00690475363444421,0.00147291044686426,0,0.00147291044686426,2.00686081806634,3.51661551044617,3.5200325643433,-0.299168359293424
0.500017046366338,0.5,1.7046366338036e-05,0.228576614539634,0.232,-0.00342338546036627,2.00688911545512,3.22428451454016,3.22758219580548,-0.00671799075560475
1.49995052625218,1.5,-4.94737478220486e-05,0.228715650107006,0.232,-0.00328434989299423,1.99993843091033,3.00976905010702,3.01311878328906,0.207745421760816
0.999970622159708,1,-2.93778402919997e-05,1.46267395215364,1.466,-0.00332604784636348,2.00691401340919,3.11536695215364,3.11875660644298,0.102107598606896
0.499981602047228,0.5,-1.83979527719202e-05,0.112605334653381,0.116,-0.00339466534661916,2.00688233556866,3.95742143465304,3.9608391570505,-0.739974952000624
0.499983408752087,0.5,-1.65912479133112e-05,0.962616763516962,0.966,-0.00338323648303773,2.00694080670473,3.37031496351665,3.37365637618118,-0.152792171131304
1.50689237988627,1.5,0.00689237988626701,1.72858491453917,1.732,-0.00341508546083058,1.99996598193411,3.22736691453974,3.23067775365693,-0.0098135486070543
1.00688594693111,1,0.00688594693110645,0.112631027948737,0.116,-0.00336897205126298,2.00685251340929,2.91027222794855,2.91357432093693,0.307289884112944
1.00691457113589,1,0.00691457113589422,0.996589063516694,1,-0.0034109364833057,1.99997377522959,3.90114056351649,3.90450304725423,-0.683638842204354
0.499978130910677,0.5,-2.18690893234452e-05,0.00138503465313988,0,0.00138503465313988,1.99993579329566,3.11770373465333,3.12096096324619,0.0999032418036854
1.50687455102343,1.5,0.00687455102342938,0.112691414539768,0.116,-0.00330858546023229,2.00685606443221,3.01578481453998,3.01915446730018,0.201709737749695
1.0069160221592,1,0.00691602215920284,0.996578329994918,1,-0.00342167000508198,1.99994164636519,2.96032262999415,2.96372906910253,0.257135135947348
0.506924028863978,0.5,0.00692402886397758,0.462751063516407,0.466,-0.00324893648359287,2.0068773644316,3.68127286351591,3.6846244651234,-0.463760260073524
1.50686725772721,1.5,0.0068672577272082,1.61257119238053,1.616,-0.00342880761947173,1.99993655511571,3.36121499238016,3.36454703089267,-0.143682825842794
0.506929300000593,0.5,0.00692930000059278,0.462674663516736,0.466,-0.00332533648326355,1.99993950875159,3.80836096351686,3.81172397238207,-0.590859767332194
1.49998233761471,1.5,-1.76623852894409e-05,1.72876892999466,1.732,-0.00323107000534217,1.99993893090959,3.46808372999476,3.47151201531095,-0.250647810261075
1.50693190000038,1.5,0.00693190000038157,1.61266402794809,1.616,-0.00333597205191483,2.00688780000019,3.11272152794845,3.1161092628449,0.104754942204975
0.49997974636608,0.5,-2.02536339202197e-05,0.728601307835561,0.732,-0.00339869216443911,2.00688988659113,2.8282336078355,2.83162243459258,0.389241770457294
1.00688617318247,1,0.00688617318246543,1.1127953722671,1.116,-0.0032046277328992,2.00686071545533,2.78927477226716,2.7926938287004,0.428170376349476
0.499983202046678,0.5,-1.67979533216567e-05,0.612778034653275,0.616,-0.00322196534672547,2.00688542011358,2.81728203465264,2.82064711136839,0.400217093681483
0.49998483966101,0.5,-1.51603389895172e-05,0.00139866351673845,0,0.00139866351673845,1.99994081545537,3.388577063517,3.39188852191515,-0.171024316865275
1.00690993556873,1,0.00690993556872854,0.112682299084554,0.116,-0.00331770091544605,1.99996455102337,3.25500609908522,3.25841399532487,-0.0375497902749946
1.00689356238581,1,0.0068935623858124,1.11274827897159,1.116,-0.00325172102840598,2.00685663091008,3.06857797897101,3.07193163271419,0.148932572335686
0.506956042272577,0.5,0.00695604227257718,0.00133389908478421,0,0.00133389908478421,2.00688147113669,2.71829919908487,2.72161196624686,0.499252238803011
0.506928900000275,0.5,0.00692890000027546,0.962567227948057,0.966,-0.00343277205194314,2.00690964227215,2.91423952794867,2.91751618789127,0.303348017158607
1.49995206852418,1.5,-4.7931475819496e-05,1.61278082794797,1.616,-0.00321917205202782,1.99994047113614,3.14678622794781,3.15024056856079,0.0706236364890858
1.00691105772694,1,0.00691105772693845,0.112584085675735,0.116,-0.00341591432426504,2.00688085772708,2.85704258567603,2.86034459295279,0.360519612097081
0.506929428863259,0.5,0.00692942886325909,0.728643827947963,0.732,-0.00335617205203742,1.99996787522923,3.9044340279479,3.90767371236919,-0.686809507319315
1.50690358659085,1.5,0.00690358659085177,1.49669115010784,1.5,-0.00330884989216429,1.99994053091086,2.94150175010782,2.94492165916268,0.2759425458872
1.49994829738807,1.5,-5.17026119268849e-05,0.00137809908392228,0,0.00137809908392228,2.0068951422727,3.2580770990844,3.26152997834233,-0.0406657732924547
1.50689909329594,1.5,0.00689909329594229,0.462803092380454,0.466,-0.00319690761954555,2.00688295772761,3.21223859238034,3.21547046746597,0.00539373758390571
1.50689642886391,1.5,0.00689642886391084,1.96267355681175,1.966,-0.00332644318824893,1.99993399534287,2.96118905681215,2.96456191578074,0.25630228926914
1.50690211136134,1.5,0.00690211136134167,1.96263593260574,1.966,-0.00336406739426454,1.99993806647763,2.7555858326059,2.75880515434784,0.462059050702031
1.50686885772757,1.5,0.00686885772756796,1.72869238567637,1.732,-0.00330761432363214,2.00685658659131,3.62306458567582,3.62629268496953,-0.405428479919655
1.00688774227274,1,0.00688774227273825,0.996776356812006,1,-0.00322364318799373,2.00685650000014,3.58311775681159,3.58647723465464,-0.365613029604765
0.999999153636054,1,-8.46363946038764e-07,0.228672499085405,0.232,-0.00332750091459458,2.00688556909063,3.10892359908485,3.11238307562811,0.108481129421766
0.506929315454727,0.5,0.00692931545472675,0.11273481454009,0.116,-0.00326518545990985,2.00691722215925,2.83408811453955,2.837460847335,0.383403357714879
0.506928228863217,0.5,0.00692822886321665,0.112781799084587,0.116,-0.00321820091541304,2.00688173556773,3.41859659908459,3.4219349784467,-0.201070773396824
1.00688117318259,1,0.00688117318259174,0.11258294340314,0.116,-0.00341705659685977,1.99991223091001,3.12513334340292,3.1284625807597,0.0924016242901757
1.49994936182065,1.5,-5.06381793456967e-05,0.46260212794823,0.466,-0.00339787205176983,1.99993507988711,3.43021002794831,3.43367138091413,-0.212807175864254
0.999962190684528,1,-3.78093154722592e-05,0.228733007835217,0.232,-0.00326699216478302,2.00687887988624,3.90094060783485,3.90434615861837,-0.683481953568495
0.9999956510228,1,-4.3489771996974e-06,0.00135446351578139,0,0.00135446351578139,2.00690782681704,3.01572126351584,3.01909828410681,0.201765920943066
1.0069176623856,1,0.00691766238560376,1.11265929238016,1.116,-0.00334070761984195,2.0068888134092,3.27620519238008,3.27964348251706,-0.0587792774671847
0.999965068524943,1,-3.493147505651e-05,1.22865649908454,1.232,-0.00334350091546365,2.0069233536351,3.02538119908513,3.02871422428823,0.192149980761646
1.00690737113655,1,0.00690737113654905,1.46277363465288,1.466,-0.00322636534712362,1.99993328659093,3.56031893465297,3.56362513302203,-0.342760927972154
1.49992569738788,1.5,-7.43026121199364e-05,0.00138559237984737,0,0.00138559237984737,1.9999111262523,3.91724029237957,3.92049418723205,-0.699629982182175
0.999998306703674,1,-1.69329632626614e-06,1.11274363465236,1.116,-0.00325636534763918,2.00688664693007,3.15354573465265,3.15692813017319,0.0639360748766853
1.50692874897686,1.5,0.00692874897686124,0.113108734652997,0.116,-0.00289126534700336,1.9999412577281,3.79775963465272,3.80108846511789,-0.580224260068015
0.506930677840501,0.5,0.00693067784050072,0.00138460578909871,0,0.00138460578909871,2.00688170670401,2.82373010578885,2.82706153514098,0.393802669908895
0.506926735568413,0.5,0.00692673556841328,0.496701634652709,0.5,-0.00329836534729111,2.00688543556862,2.88226673465306,2.8856907985892,0.33517340646068
0.499983408750268,0.5,-1.65912497323006e-05,0.112562910446286,0.116,-0.00343708955371404,2.00691371806624,3.40677041044637,3.41021852420599,-0.189354319156115
0.499980195342687,0.5,-1.9804657313216e-05,0.962733163516532,0.966,-0.00326683648346804,2.00687924227259,2.83852556351576,2.84179458769511,0.379069617354761
1.49995113090972,1.5,-4.88690902784583e-05,0.112691236698083,0.116,-0.00330876330191678,2.00688130875005,3.02368723669861,3.02692207667488,0.193942128374996
0.506931477840226,0.5,0.00693147784022585,0.112673299084236,0.116,-0.00332670091576438,2.00685853556752,2.71140289908453,2.71470683279162,0.506157372258252
1.50687393147564,1.5,0.00687393147563853,1.61275163056052,1.616,-0.00324836943947604,2.00686029590725,2.71194203055984,2.71533437886822,0.505529826181653
0.49999009329531,0.5,-9.90670469036559e-06,0.962706921243807,0.966,-0.00329307875619267,1.99990880409314,3.00683412124363,3.01014570427612,0.210718500773756
0.506902881932547,0.5,0.00690288193254673,0.72874530988156,0.732,-0.0032546901184396,2.00685241079645,3.90318360988113,3.90645091838049,-0.685586713330615
0.499989815455592,0.5,-1.01845444078208e-05,0.00139803465208388,0,0.00139803465208388,2.00688377113602,3.87041233465243,3.87362938468156,-0.652765179631684
0.499989402045685,0.5,-1.0597954315017e-05,0.612615307834858,0.616,-0.00338469216514203,1.99993629068376,3.15961760783466,3.16285030965696,0.0580138953929152
0.506963720113163,0.5,0.00696372011316271,0.496736476925435,0.5,-0.00326352307456546,2.00688851340874,3.49889797692595,3.50215858843061,-0.281294383380734
1.00690422477237,1,0.00690422477237007,1.11265214135801,1.116,-0.00334785864198794,2.00687204227324,2.81230544135724,2.81562105014338,0.405243154906492
1.50690269590632,1.5,0.00690269590631942,0.112567059422872,0.116,-0.00343294057712774,1.99994260465792,3.25625125942315,3.25965852616202,-0.0387943211121442
0.999995320113158,1,-4.67988684249576e-06,0.228621785676296,0.232,-0.00337821432370403,2.00691237579485,3.05252038567596,3.05594010574832,0.164924099301555
1.00694788920373,1,0.00694788920372957,1.11257657022088,1.116,-0.00342342977911914,2.00689018920366,2.83471397022095,2.83809430667286,0.382769898377017
1.49998649534245,1.5,-1.3504657545127e-05,0.00131545010754053,0,0.00131545010754053,2.00688425102362,3.9080356501081,3.91136383641811,-0.690499631368235
0.499983737614457,0.5,-1.62623855430866e-05,0.228615999084468,0.232,-0.00338400091553195,2.00691505568102,3.07991869908437,3.08325860858074,0.137605596469135
0.506931699999768,0.5,0.00693169999976817,0.728655521244036,0.732,-0.00334447875596378,2.00685799329494,2.73651082124343,2.73995834267013,0.480905862379744
0.499980351023623,0.5,-1.96489763766294e-05,0.46256297022137,0.466,-0.00343702977862997,2.00688730670481,2.79631907022122,2.79978384501703,0.42108036003285
1.50687083556841,1.5,0.00687083556840662,1.61271025681162,1.616,-0.00328974318837583,2.00685072886336,3.80466385681211,3.80801426734191,-0.587150062292034
0.499982593295499,0.5,-1.74067045008997e-05,0.462644956812255,0.466,-0.00335504318774477,1.99993971750246,2.69864855681226,2.70190979875713,0.518954406292747
1.50692447784058,1.5,0.00692447784058459,1.49657956351621,1.5,-0.00342043648379331,2.00688350000019,2.82193116351664,2.8252034274954,0.395660777554475
1.49995606647826,1.5,-4.39335217379266e-05,1.61267195010714,1.616,-0.00332804989285806,2.00688340000033,3.50974565010802,3.51320748444763,-0.292343279397755
0.500013744319403,0.5,1.37443194034859e-05,0.612569483630068,0.616,-0.00343051636993186,1.99996665772869,3.18311348362931,3.18641487139732,0.0344493336525558
0.499981568524163,0.5,-1.84314758371329e-05,0.462751872266381,0.466,-0.00324812773361921,2.00688750204517,2.96536987226682,2.96871540096929,0.252148804080583
0.999972313408762,1,-2.76865912383073e-05,1.22870227692511,1.232,-0.00329772307489473,2.00689005568165,3.69072737692568,3.69410067041472,-0.473236465364844
1.50692294227247,1.5,0.00692294227246748,1.72868822794862,1.732,-0.00331177205137645,1.9999365443191,3.66536422794888,3.66875660945418,-0.447892404404304
1.00691570465824,1,0.00691570465824043,0.00133226351681515,0,0.00133226351681515,1.99993975977486,3.95773056351663,3.96118993573411,-0.740325730684234
0.506932406704436,0.5,0.00693240670443629,0.496627334652658,0.5,-0.00337266534734226,2.00688598454508,3.62889213465314,3.63235239586178,-0.411488190811904
1.49995074636536,1.5,-4.92536346428096e-05,1.72878592794859,1.732,-0.00321407205140711,2.00691126443235,2.75858762794815,2.7619797962836,0.458884408766273
1.50690065772778,1.5,0.00690065772778325,1.61256860783487,1.616,-0.00343139216512656,2.0068849865911,2.91244490783538,2.91579471520082,0.30506948984906
0.506932413409231,0.5,0.00693241340923123,0.496775276925291,0.5,-0.00322472307470889,2.00692058454479,2.92996317692541,2.93334795399089,0.287516251058987
1.00691961602024,1,0.00691961602024094,1.11261319703772,1.116,-0.00338680296228278,2.0068866093161,3.60688819703773,3.6101746390148,-0.389310433964924
0.499982948977049,0.5,-1.70510229509091e-05,0.728709750107555,0.732,-0.00329024989244497,2.00688825772795,3.6382822501082,3.6416626137745,-0.420798408724624
0.506861564432256,0.5,0.00686156443225627,0.00139189238052495,0,0.00139189238052495,2.00681518659167,2.73815709238079,2.74155528955171,0.479308915498167
1.50689913556835,1.5,0.00689913556834654,0.462630285675914,0.466,-0.00336971432408611,1.99993671954871,3.06316388567666,3.06660525501582,0.154258950034055
0.506964213408537,0.5,0.00696421340853703,0.496570063515719,0.5,-0.00342993648428092,1.9999412087509,3.89049976351635,3.89379546008471,-0.672931255034834
0.999953832039864,1,-4.61679601357901e-05,1.46278096556216,1.466,-0.00321903443783955,2.0068594597733,2.92884906556174,2.93217946967768,0.288684735372195
0.506927142272616,0.5,0.00692714227261604,0.612637792380156,0.616,-0.0033622076198444,2.00688347113646,2.70648029238055,2.70989872078007,0.51096548426981
1.50689960670388,1.5,0.00689960670388245,1.49659084135692,1.5,-0.00340915864308045,2.00688634227208,2.9826151413572,2.98595455326031,0.234909651789569
1.50692777113636,1.5,0.00692777113636112,0.228720263516152,0.232,-0.00327973648384797,2.00690139329527,3.36756936351685,3.3709028469205,-0.150038641870625
1.006917984545,1,0.00691798454499803,0.99663046351634,1,-0.00336953648366034,2.00688812215867,2.92428496351658,2.92763910206884,0.293225102981034
1.00691451136208,1,0.00691451136208343,0.462659334652017,0.466,-0.00334066534798333,1.99993861750136,3.3485039346524,3.35184697804189,-0.130982772992015
1.00688634022663,1,0.00688634022662882,1.46260559237999,1.466,-0.0033944076200132,2.0068558644316,3.13458479238034,3.13797153469355,0.0828926703563253
1.50692769534089,1.5,0.00692769534089166,0.462594116585024,0.466,-0.00340588341497644,1.99996915716201,2.92410761658539,2.92739851749492,0.293465687554952
0.506930857726729,0.5,0.0069308577267293,0.728643163516608,0.732,-0.0033568364833918,2.00688139999966,2.7991156635162,2.80255381535649,0.418310389693383
0.999970077840771,1,-2.99221592285903e-05,0.228727127948332,0.232,-0.00327287205166796,2.00689198249893,3.40181312794812,3.40504647013218,-0.184182265082304
0.499947081933897,0.5,-5.29180661033024e-05,0.112678592380689,0.116,-0.00332140761931078,2.00684605772767,2.71304089238038,2.71643219483283,0.504432010217049
1.50686532886357,1.5,0.00686532886356872,1.72866225681173,1.732,-0.00333774318826907,2.00687263556756,2.74984485681216,2.75318835981519,0.467675845234681
0.499989344319147,0.5,-1.06556808532332e-05,0.728744399084462,0.732,-0.00325560091553778,2.00691197783999,3.47683329908432,3.48027064792942,-0.259406442879545
0.499956473182465,0.5,-4.35268175351666e-05,0.228684541356415,0.232,-0.00331545864358487,2.00688618454478,3.74974784135702,3.75303786091167,-0.532173655861794
0.506897357727212,0.5,0.00689735772721178,0.962640956811811,0.966,-0.00335904318818936,2.00688727784018,3.43186395681187,3.43527502149176,-0.214410816441885
1.49998698863783,1.5,-1.30113621708006e-05,0.0012989923798159,0,0.0012989923798159,2.00688588659068,3.81187689237959,3.81528224827293,-0.594418043223055
1.50692752011309,1.5,0.00692752011309494,0.462696241356753,0.466,-0.00330375864324745,2.00688044227263,2.87302464135701,2.87639885897755,0.344465346072328
1.00692238249849,1,0.00692238249848742,1.22860919908453,1.232,-0.00339080091546928,2.00689308249912,3.29217969908404,3.29547943474835,-0.0746152296984746
0.50692717113634,0.5,0.00692717113633989,0.612743734653122,0.616,-0.00325626534687762,1.99993549534247,2.76553463465279,2.76896622787927,0.451897977170605
1.50689771545422,1.5,0.00689771545421536,0.228760585675445,0.232,-0.00323941432455468,2.00688562215873,2.75389128567531,2.75728712106455,0.463577083985324
0.506957971136217,0.5,0.00695797113621666,0.496580527948026,0.5,-0.00341947205197357,1.99996247318268,2.93364462794852,2.93694597709334,0.283918227956538
0.999998766478711,1,-1.23352128866827e-06,1.46257617022093,1.466,-0.00342382977907252,1.99996745306998,2.88492977022088,2.88824134959159,0.332622855458283
1.00691917579479,1,0.00691917579479195,0.112761627949112,0.116,-0.00323837205088785,2.00688646443268,3.00766422794914,3.01092098003975,0.209943225010125
1.499984342272,1.5,-1.56577279994963e-05,0.462627405789135,0.466,-0.00337259421086494,1.99997420261207,3.30332230578915,3.30677826443485,-0.0859140593849745
0.500009995342225,0.5,9.99534222501097e-06,0.228595314539234,0.232,-0.00340468546076592,2.00691443556752,2.75080801453896,2.75407140293354,0.466792802116332
1.50689621806669,1.5,0.00689621806668583,0.22868798158288,0.232,-0.00331201841712028,2.00688458920285,2.98238718158336,2.98563559557291,0.235228609476962
1.00691741806713,1,0.00691741806713253,0.462703999084624,0.466,-0.0032960009153758,2.00688743556839,3.76570349908434,3.7689681306335,-0.548103925583624
1.00691739329613,1,0.00691739329613483,0.462680621244544,0.466,-0.00331937875545557,2.00688517113667,2.84505582124439,2.84841779284985,0.372446412200027
1.49998168454476,1.5,-1.83154552360065e-05,1.96256576351607,1.966,-0.00343423648393215,1.99994051340855,3.88941066351617,3.89273476192228,-0.671870556872404
0.506929013408808,0.5,0.0069290134088078,0.612678012493234,0.616,-0.00332198750676616,2.00688414897741,3.09460431249317,3.09785268877477,0.123011516275105
1.00691088249914,1,0.00691088249914174,0.996703363516644,1,-0.00329663648335554,1.99993779124998,2.96531966351722,2.96867387578491,0.252190329264967
0.499979795343279,0.5,-2.02046567210346e-05,0.462684114540025,0.466,-0.00331588545997513,2.00688207988696,3.32543541454015,3.32890071521071,-0.108036510160835
1.49995774227227,1.5,-4.22577277277014e-05,0.112728099084052,0.116,-0.00327190091594821,1.99993930875098,2.96559139908459,2.96890127367299,0.251962931376883
0.499983315455211,0.5,-1.66845447893138e-05,0.462627927948233,0.466,-0.00337207205176676,2.00687995102271,3.38008362794881,3.38353340958914,-0.162669204539265
1.50689697113648,1.5,0.00689697113648435,0.00138033465282206,0,0.00138033465282206,2.0068849268182,3.20782973465339,3.21119666790261,0.00966753714726565
0.999969722159221,1,-3.02778407785809e-05,0.00131873465306853,0,0.00131873465306853,2.0068839000005,2.80735583465321,2.81066730178406,0.41019690326582
0.499987997388416,0.5,-1.20026115837391e-05,0.112664621244221,0.116,-0.00333537875577895,2.00688842215914,3.3113406212442,3.31478599913122,-0.0939217940813446
1.50686469329503,1.5,0.0068646932950287,0.00134389237973664,0,0.00134389237973664,2.00684946443198,2.98185319238019,2.98521542152558,0.235648783524296
0.506958551022763,0.5,0.00695855102276255,0.7286752011305,0.732,-0.00332479886950021,2.00687820204621,3.2230184011305,3.22644405927881,-0.0055798542289347
0.500024641356504,0.5,2.46413565037074e-05,0.00139576147012122,0,0.00139576147012122,2.00688310465739,3.12887376146955,3.13231473801526,0.0885494670346154
0.506958377840419,0.5,0.00695837784041942,0.496777963516251,0.5,-0.00322203648374852,2.00688897784039,3.65278886351643,3.65610055524012,-0.435236350190245
1.50689796443203,1.5,0.00689796443202795,1.49670842124397,1.5,-0.00329157875603414,2.0068857644319,3.2092312212435,3.21248574083491,0.00837846421496558
0.506924828863703,0.5,0.00692482886370271,0.228785185675406,0.232,-0.00321481432459406,1.99993626647847,3.59515188567548,3.59841953151295,-0.377555326463074
0.999972564432028,1,-2.74355679721339e-05,0.112584956812498,0.116,-0.00341504318750231,2.00685172681824,2.88246075681218,2.88571962515076,0.335144579899116
0.506899735568368,0.5,0.00689973556836776,0.228753527948356,0.232,-0.00324647205164366,2.00688340000033,3.28370122794877,3.28701291267822,-0.0661487076283445
1.50692381340923,1.5,0.00692381340923021,0.462771899085055,0.466,-0.00322810091494469,1.9999351597744,2.85766149908522,2.86111411435928,0.359750090690591
1.50690162886349,1.5,0.00690162886348844,0.228583521243308,0.232,-0.00341647875669152,1.99993839738818,2.77857542124366,2.78187892087336,0.438985284176511
1.50689559329476,1.5,0.00689559329475742,0.112654414539065,0.116,-0.00334558546093468,1.99993203966096,2.8312583145389,2.83468209624889,0.386182108800984
1.50686468659114,1.5,0.00686468659114325,1.72865792124321,1.732,-0.00334207875678838,2.00685588659053,2.83681472124317,2.84008202371424,0.380782181335631
0.499989584544892,0.5,-1.04154551081592e-05,0.00137709908449324,0,0.00137709908449324,1.99996613295662,3.24793529908402,3.25126492997219,-0.0304007249223144
0.506935577840522,0.5,0.00693557784052246,0.496778105788508,0.5,-0.00322189421149233,1.99997198249912,2.77816680578871,2.78149296706681,0.439371237983061
1.00694726033998,1,0.0069472603399845,1.11268467022091,1.116,-0.00331532977908511,1.9999360644324,2.74541947022135,2.74867653655983,0.47218766849005
1.49995860875151,1.5,-4.13912484873435e-05,1.61277206351679,1.616,-0.00322793648321396,2.00688438454472,2.85571996351609,2.85903906999447,0.361825135055408
1.50689852215874,1.5,0.00689852215873543,0.462667321243316,0.466,-0.00333267875668392,1.99996571750125,2.88773462124391,2.89101300176691,0.329851203282963
0.499957959774292,0.5,-4.20402257077512e-05,0.00133175681185094,0,0.00133175681185094,1.99991577318269,3.72286385681218,3.72630536174929,-0.505441156699415
0.506927271136192,0.5,0.00692727113619185,0.49669953465218,0.5,-0.00330046534782014,1.9999406376146,3.10610353465199,3.10936283215191,0.111501372897965
0.506925828864041,0.5,0.00692582886404125,0.462700985675838,0.466,-0.0032990143241623,2.00688047318272,3.49210588567621,3.49547165873066,-0.274607453680785
0.506935842272469,0.5,0.00693584227246902,0.962611612493674,0.966,-0.00338838750632564,2.00688593556788,2.7481751124933,2.75152844265162,0.469335762398257
1.00691212681795,1,0.0069121268179515,0.112699363517095,0.116,-0.00330063648290525,1.99997867226739,2.85367126351684,2.85692896831044,0.363935236739434
0.506925615454747,0.5,0.00692561545474746,0.612727092380737,0.616,-0.00327290761926269,1.99993611750233,3.10357049238064,3.10697985054097,0.113884354508905
1.50686889329609,1.5,0.00686889329608675,0.00132445681265381,0,0.00132445681265381,2.00688153556894,3.5418868568122,3.54523832510186,-0.324374120051985
1.50687243556786,1.5,0.00687243556785688,1.49671556351586,1.5,-0.00328443648413668,1.99990715977401,3.10461496351581,3.10790054588904,0.112963659160835
1.50689817113653,1.5,0.0068981711365268,1.72877754135789,1.732,-0.00322245864211435,1.99993663295754,2.84605744135752,2.84944564446737,0.371418560582506
1.50690447113629,1.5,0.00690447113629489,0.228604934652139,0.232,-0.00339506534786052,1.99994484897616,3.28435093465214,3.28765982974531,-0.0667956246954344
0.999968796471876,1,-3.12035281240242e-05,1.46276026873875,1.466,-0.00323973126125199,2.00685348101706,3.35651416873952,3.35996642316965,-0.139102218119775
1.50689819329637,1.5,0.00689819329636521,1.72862195681228,1.732,-0.00337804318772394,2.00688298659134,3.45311355681224,3.45644377837026,-0.235579573320384
1.50690238454536,1.5,0.00690238454535574,0.11276813465247,0.116,-0.00323186534753041,2.00685694227286,3.93185473465292,3.93510127285906,-0.714237067809185
0.506901857726916,0.5,0.00690185772691621,0.612575356812158,0.616,-0.00342464318784186,2.00685282215909,2.76404245681169,2.7672889075785,0.453575297471376
0.999961966478622,1,-3.80335213776561e-05,0.462665234652377,0.466,-0.00333476534762306,2.00687927113631,3.37347043465252,3.37682554789206,-0.155961342842184
1.50690392886372,1.5,0.00690392886372138,0.112581827948816,0.116,-0.00341817205118423,2.00688886443186,3.20136812794863,3.20474557484544,0.0161186302044354
1.00691558454491,1,0.00691558454491314,0.22868787022071,0.232,-0.00331212977928955,1.99995224340364,3.32759907022137,3.33101705154023,-0.110152846490355
0.99997142011307,1,-2.8579886929947e-05,1.11276485681174,1.116,-0.00323514318826357,2.00688764227198,3.45117575681161,3.45461461492247,-0.233750409872594
1.00691787784035,1,0.00691787784035114,0.228774641356722,0.232,-0.00322535864327803,2.00688364897633,3.48183844135656,3.48523965899071,-0.264375453940835
1.50689751340815,1.5,0.00689751340814837,0.228694756811819,0.232,-0.00330524318818062,2.00688654227179,2.89831955681166,2.90178184130369,0.319082363746189
1.00691189999998,1,0.00691189999997732,0.00145158567556791,0,0.00145158567556791,2.00685489999978,3.81053878567582,3.81379490443815,-0.592930699388274
1.50689946647799,1.5,0.00689946647798934,0.00126727226688672,0,0.00126727226688672,1.9999639350026,3.46475767226639,3.46811071078398,-0.247246505734104
1.50690024897722,1.5,0.00690024897721742,1.61272812794869,1.616,-0.00327187205131496,2.00685489329589,2.8362628279483,2.83952636955505,0.38133783549483
0.506928735568181,0.5,0.00692873556818085,0.496737756811854,0.5,-0.00326224318814639,1.9999377040931,3.48086625681208,3.48425355491919,-0.263389349869315
0.499981375229254,0.5,-1.86247707461007e-05,0.112678950107693,0.116,-0.00332104989230721,1.99993795977389,2.94206235010734,2.94530543570958,0.275558769340296
1.50690383556775,1.5,0.00690383556775487,1.96259337022002,1.966,-0.00340662977997996,2.00688490670382,2.97884177022024,2.98220690575217,0.238657299297706
0.506927715455276,0.5,0.00692771545527648,0.462719814539923,0.466,-0.00328018546007663,2.00691693556837,3.51232951453949,3.51566282241357,-0.294798617363695
0.506902664431436,0.5,0.00690266443143628,0.00137219237967656,0,0.00137219237967656,2.00685826443168,3.56690639237968,3.57023835190461,-0.349374146854735
1.50692569999956,1.5,0.00692569999955595,0.112794156812015,0.116,-0.00320584318798502,2.006883528863,3.7554030568117,3.75864356843876,-0.537779363388885
1.0069200067046,1,0.00692000670460402,0.996582456812575,1,-0.0034175431874246,2.0068825999997,3.04381935681249,3.04716103636981,0.173703168680065
0.506922935567673,0.5,0.00692293556767254,0.228745805789003,0.232,-0.00325419421099651,2.00691241340883,2.78859960578848,2.79199303913904,0.428871165910838
1.0069171154546,1,0.00691711545459839,0.11265120783537,0.116,-0.00334879216463015,2.0068861221589,3.11318970783486,3.11645146827992,0.104412736769955
1.50690633556769,1.5,0.00690633556769171,0.228578892380028,0.232,-0.00342110761997175,2.00688822886332,2.70971519237992,2.71303379771462,0.507830407335257
1.00691282215939,1,0.00691282215939282,0.996759409880724,1,-0.00324059011927602,2.00688135772725,3.09175100988068,3.09519793445838,0.125666270591496
0.500016924771444,0.5,1.69247714438825e-05,0.612594661470212,0.616,-0.00340533852978842,2.00691929795357,3.23250806147007,3.2357891148868,-0.0149249098369246
1.49995346238575,1.5,-4.65376142528839e-05,0.00136902794838534,0,0.00136902794838534,1.9999395268178,3.46582362794834,3.46927184415504,-0.248407639105165
0.506956671136322,0.5,0.00695667113632226,0.496763234652462,0.5,-0.00323676534753758,2.00688504227219,3.32551753465214,3.32880466069706,-0.107940455647185
1.50687187318272,1.5,0.00687187318271754,0.11273177226758,0.116,-0.00326822773242021,2.00685044431884,3.11115507226714,3.11454769590645,0.106316509143426
0.506932793295164,0.5,0.00693279329516372,0.462784585675763,0.466,-0.00321541432423694,2.00688618659115,3.13096268567551,3.13426528618628,0.0865989188635954
1.50689587784109,1.5,0.0068958778410888,0.462667227948259,0.466,-0.00333277205174093,2.00685246443209,2.70760962794884,2.71106686953815,0.509797335511729
0.506931057727343,0.5,0.0069310577273427,0.228891121243578,0.232,-0.00310887875642221,1.99993623091086,3.66867662124332,3.67182959697026,-0.450965391920384
1.00691865363569,1,0.00691865363569377,0.228737534653192,0.232,-0.00326246534680832,2.00688460670426,2.782699634653,2.78604096410805,0.434823240941829
1.50690189329634,1.5,0.0069018932963445,1.7286933856758,1.732,-0.00330661432420309,2.00692360000085,3.31048418567661,3.31382089076758,-0.0929566857177044
0.506931242272913,0.5,0.00693124227291264,0.112635134652919,0.116,-0.00336486534708093,2.00691237784122,3.04889003465269,3.05230395721075,0.168560247839125
1.50692427318245,1.5,0.00692427318244881,1.72874938772202,1.732,-0.0032506122779814,2.00688530204661,3.64597398772185,3.64940621011471,-0.428542005064835
1.00691234022634,1,0.0069123402263358,1.4626181212443,1.466,-0.00338187875569562,2.00688099329545,3.0496384212438,3.05293754370411,0.167926661345765
0.506935533522665,0.5,0.00693553352266463,0.00134419908499694,0,0.00134419908499694,2.00688909795463,3.35118729908481,3.3546105813725,-0.133746376322625
1.50689481545487,1.5,0.0068948154548707,1.96260301453913,1.966,-0.00339698546087308,2.00688325102237,3.70284231453934,3.70630127585127,-0.485437070801394
1.50689515102295,1.5,0.00689515102294536,0.462642414539914,0.466,-0.00335758546008585,2.00690825772745,2.93889201453931,2.94232498264565,0.27853922240423
1.00692089795393,1,0.00692089795393258,1.46261220783526,1.466,-0.00338779216473628,2.00688912011265,3.17485050783489,3.17822776752446,0.0426364375254158
1.50692325772798,1.5,0.00692325772797631,1.4967277212445,1.5,-0.00327227875550307,2.00692119999985,2.92958892124443,2.93294448978796,0.287919715261918
1.50690119999945,1.5,0.00690119999944727,1.96262336351629,1.966,-0.00337663648371378,2.00688943556816,3.07832116351619,3.08169636740872,0.139167837641155
1.50689699329632,1.5,0.00689699329632276,0.228820356812321,0.232,-0.00317964318767919,2.00691091340923,3.00979785681284,3.01303675632237,0.207827448727506
1.50689603761475,1.5,0.00689603761475155,1.49684690988124,1.5,-0.00315309011875797,2.00685571079703,2.84027150988186,2.84353239729423,0.377331807755641
1.00691583352091,1,0.00691583352090674,0.228812361469863,0.232,-0.00318763853013662,2.00688076238475,3.23194566146958,3.23520635373889,-0.0143421486890145
0.500014766477761,0.5,1.47664777614409e-05,0.228679678971275,0.232,-0.00332032102872473,2.0068881510233,3.35824237897123,3.36145747026608,-0.140593265216205
1.00691838249895,1,0.00691838249895227,0.00139659908472822,0,0.00139659908472822,2.00688814227306,2.78223109908504,2.78569648227816,0.435167722771714
1.49995248863797,1.5,-4.7511362026853e-05,1.61262109238032,1.616,-0.0033789076196773,2.00688744227227,2.89821109237982,2.90152593469925,0.319338270350628
0.506928215454536,0.5,0.00692821545453626,0.228610750107691,0.232,-0.00338924989230874,2.00688422886378,3.82999915010714,3.83339644008911,-0.612532235039235
0.506904557727466,0.5,0.00690455772746645,0.496583421244395,0.5,-0.00341657875560486,2.00685506443187,3.02024632124449,3.02345876941634,0.197405435633535
0.506926324205779,0.5,0.00692632420577866,0.962576052153963,0.966,-0.00342394784603672,2.00687765306975,3.16282175215383,3.16626791788749,0.0545962871623855
1.49995500875048,1.5,-4.49912495241733e-05,1.72861318567629,1.732,-0.00338681432370502,1.99994354431874,2.88386448567599,2.88730883032012,0.333555374729757
0.506953351023185,0.5,0.00695335102318495,0.112716150108099,0.116,-0.00328384989190091,1.99993860409268,2.72957655010759,2.73286405035469,0.488000154695182
1.00694402011322,1,0.00694402011322381,1.22858914135668,1.232,-0.00341085864332125,1.99997829999938,3.31390374135663,3.31729854370399,-0.0964343386541144
1.0069096335219,1,0.0069096335219001,1.4627083856758,1.466,-0.00329161432420366,1.99994372329002,3.95580388567578,3.95907059251858,-0.738206387468705
1.00691218249904,1,0.00691218249903613,0.996629256812412,1,-0.00337074318758823,2.00686050465811,2.98951165681228,2.992969386959,0.22789481809088
1.00690898454559,1,0.00690898454558919,1.2287276279485,1.232,-0.00327237205149866,2.00688210000044,3.24420282794836,3.24748403966368,-0.0266198346138045
0.506904706704518,0.5,0.00690470670451759,0.496652134652322,0.5,-0.00334786534767773,1.99991407784091,3.14043823465272,3.14376142140537,0.0771027836445057
1.50686501545533,1.5,0.00686501545533247,1.49664794340333,1.5,-0.00335205659666826,2.00685164431889,3.219884043403,3.22323368805252,-0.00236948300264483
0.999975177841407,1,-2.48221585934516e-05,0.112601621243812,0.116,-0.00339837875618833,2.00689074022648,2.79410932124392,2.79747831391466,0.423385891135218
0.999965402045746,1,-3.45979542544228e-05,0.462644414539682,0.466,-0.00335558546031828,1.99993813966103,2.99365541453972,2.9969362029953,0.22392800205458
1.00694343147643,1,0.0069434314764294,0.462674505789437,0.466,-0.00332549421056322,1.99994922999394,2.72010810578922,2.72341254319614,0.497451661853737
0.506928435568625,0.5,0.00692843556862499,0.728680434653143,0.732,-0.0033195653468574,1.9999369154566,2.74485453465331,2.74820734680444,0.472656858245433
0.50689577988669,0.5,0.00689577988669043,0.962669001130052,0.966,-0.00333099886994748,2.00684827318219,3.49298820113017,3.49645236295139,-0.275588157901514
1.50690819590636,1.5,0.00690819590636238,0.00311538158257463,0,0.00311538158257463,2.00685915363465,3.53465718158259,3.53795335348853,-0.317089148438654
1.50686745772691,1.5,0.00686745772691211,0.112670556812191,0.116,-0.00332944318780938,2.0068548865911,2.96917435681189,2.97259803391967,0.248266171130207
0.999964799999361,1,-3.52000006387243e-05,0.46260691453881,0.466,-0.00339308546118994,2.00688376238577,3.38606071453887,3.38941575977512,-0.168551554725244
0.999970522159856,1,-2.94778401439544e-05,0.112703970221446,0.116,-0.00329602977855394,2.00688083556815,3.55636477022108,3.55963155667319,-0.338767351623314
1.50690029999987,1.5,0.00690029999987019,0.00140899908456049,0,0.00140899908456049,1.99994060204699,2.83235939908445,2.83564992322338,0.385214281826493
1.00691628249842,1,0.00691628249842324,0.00130489908406162,0,0.00130489908406162,2.00688367113617,3.42265149908417,3.42599576024992,-0.205131555200045
0.506905299999744,0.5,0.00690529999974387,0.96278422794876,0.966,-0.00321577205124046,2.00685656443147,3.42293652794797,3.42621226913224,-0.205348064082365
0.499985193296197,0.5,-1.48067038026056e-05,0.462671212492751,0.466,-0.00332878750724924,2.00688824897679,3.19997331249306,3.2032587473573,0.0176054576925755
0.499984708750162,0.5,-1.5291249837901e-05,0.612746250107193,0.616,-0.0032537498928068,2.00688175102277,2.93595285010724,2.93921225678345,0.281651948266421
1.49995304636559,1.5,-4.69536344098742e-05,0.228623870221782,0.232,-0.00337612977821847,2.0069157134094,2.71263347022159,2.71589318894033,0.504971016109542
0.499980544319442,0.5,-1.94556805581669e-05,0.462628592380497,0.466,-0.00337140761950289,2.00688210000044,3.93695229238074,3.9402621745125,-0.719397969462625
1.006892293296,1,0.00689229329600494,1.22868089238,1.232,-0.00331910762000187,2.00688979999995,2.88882699238002,2.89210561760439,0.328758587445484
1.50687059329539,1.5,0.00687059329538897,0.462745821243516,0.466,-0.00325417875648421,2.00685329329553,2.7725738212439,2.77600293985278,0.444861265197098
1.0069186402261,1,0.00691864022610389,0.462583156811888,0.466,-0.0034168431881117,1.9999403577267,3.88267745681151,3.88603300753092,-0.665168802481045
1.00688076443203,1,0.0068807644320259,0.996633792380635,1,-0.00336620761936501,2.00684915772763,3.63620549238021,3.63952561911962,-0.418661414069744
1.50690221340938,1.5,0.00690221340937569,0.112673212493974,0.116,-0.00332678750602645,2.00688354897738,3.12445781249335,3.12778491416278,0.0930792908870952
1.5069282489776,1.5,0.00692824897760147,1.49657447022128,1.5,-0.00342552977872401,2.0069112489773,3.12651727022148,3.12980695644348,0.0910572486063952
0.999968708751112,1,-3.12912488880102e-05,1.46275594340386,1.466,-0.00324405659613691,1.99991207318271,3.47298914340354,3.47623261781455,-0.255368412764675
1.00688622215876,1,0.00688622215875512,0.996724314539279,1,-0.00327568546072143,2.00685634431829,2.75791671453953,2.76131201656782,0.459552188482053
1.4999572979541,1.5,-4.27020459028427e-05,1.96276083465273,1.966,-0.0032391653472732,1.99994069068453,3.00024453465358,3.00364350093841,0.217220704111465
0.499954751023324,0.5,-4.52489766757935e-05,0.962665892380755,0.966,-0.00333410761924458,1.99991133966159,3.36553279238069,3.36897834770645,-0.148114142656575
1.00694716033922,1,0.00694716033922305,1.46373389908422,1.466,-0.00226610091578183,1.99994736909048,2.97140829908403,2.97468915552219,0.246175049527686
1.50689721545496,1.5,0.00689721545495559,1.96275496556245,1.966,-0.00324503443754653,1.99996392625235,3.64383136556262,3.64709125694593,-0.426227051896054
1.49995613556803,1.5,-4.38644319729065e-05,0.112650570220467,0.116,-0.00334942977953324,1.99994071545552,3.440113570221,3.44357147620073,-0.222707271150854
1.50690283556833,1.5,0.00690283556832583,0.228686734652911,0.232,-0.00331326534708934,2.00688399999945,3.46225473465256,3.46561487119662,-0.244750666146745
1.00691360465862,1,0.0069136046586209,0.996670956811613,1,-0.003329043188387,2.00688298659134,2.8991237568116,2.90248750828984,0.318376696760037
1.00692148454527,1,0.00692148454527342,0.996696821243859,1,-0.00330317875614128,2.00688688659102,2.86106782124443,2.8644041261199,0.356460078929973
0.99997185772736,1,-2.81422726402525e-05,1.22876684135645,1.232,-0.00323315864355389,1.99993455102322,3.75767524135699,3.76113892427201,-0.540274719222134
0.506928742272976,0.5,0.0069287422729758,0.462637070220808,0.466,-0.00336292977919223,2.00688307113614,3.30358097022145,3.30696641660383,-0.0861022115539543
1.00692004022676,1,0.00692004022675974,0.462595070221141,0.466,-0.00340492977885881,1.99994197988781,3.83252297022045,3.83588196154027,-0.615017756490395
1.50692847784012,1.5,0.00692847784011974,1.72876699908466,1.732,-0.00323300091534473,2.0068788644312,2.87784239908433,2.88120455470502,0.339659650344855
0.999938413408927,1,-6.15865910731372e-05,1.22875997897154,1.232,-0.00324002102846133,1.99991093556855,3.52415487897179,3.52742228312382,-0.306558078073945
1.50689782886366,1.5,0.0068978288636572,1.49661559238029,1.5,-0.0033844076197056,2.00687635102258,3.22089539238004,3.22420402708763,-0.00333982203775474
0.999969486590999,1,-3.05134090012871e-05,0.462687234652549,0.466,-0.00331276534745123,2.00688370465832,2.90684433465231,2.91013299119531,0.310731213854566
0.506905093296155,0.5,0.00690509329615452,0.728598221244283,0.732,-0.00340177875571679,2.00686082215907,2.86023952124378,2.86356226622671,0.35730193882317
1.50692333091047,1.5,0.00692333091046748,1.96262852328982,1.966,-0.00337147671017735,1.99993226386687,3.63561212329023,3.63882348420265,-0.417959279152774
0.506924977840754,0.5,0.00692497784075385,0.00144866351638484,0,0.00144866351638484,2.00687913556794,3.25642936351596,3.25988992229334,-0.0390257172434643
0.499981404092978,0.5,-1.85959070222452e-05,0.962733305788788,0.966,-0.00326669421121184,2.00688704227196,3.49946070578881,3.50272900780479,-0.281864802754915
1.50693030000002,1.5,0.00693030000002182,1.61279022124381,1.616,-0.00320977875618711,2.00688119329516,3.51431322124427,3.51761250908709,-0.296748304037215
1.0068881757943,1,0.00688817579430179,1.46276406351626,1.466,-0.00323593648373932,2.00685830465773,2.87649156351654,2.87974481094622,0.34111939410366
1.49995786909039,1.5,-4.21309096054756e-05,0.228673188287758,0.232,-0.0033268117122425,2.00688386704314,2.82520558828764,2.82846568750254,0.392398517547337
0.499953466478473,0.5,-4.6533521526726e-05,0.612592485676032,0.616,-0.00340751432396791,1.99990848193374,2.92346568567609,2.9267106742368,0.29415353081307
0.506932535568012,0.5,0.0069325355680121,0.962709899084075,0.966,-0.00329010091592497,2.00688956443173,2.90477899908456,2.90806770177686,0.312796503273018
0.506900515454618,0.5,0.00690051545461756,0.00128007897092175,0,0.00128007897092175,1.99993929738775,3.40445067897053,3.40768055578699,-0.186816350737114
1.00691649329565,1,0.00691649329564825,0.0012988856760785,0,0.0012988856760785,2.00688465772691,2.90127678567569,2.90472471984681,0.316139485203069
1.00688750465815,1,0.00688750465815247,1.22877735010752,1.232,-0.00322264989247922,2.00685545568103,2.89773675010747,2.90111058771659,0.319753617333281
0.506958193295759,0.5,0.00695819329575897,0.728634107835205,0.732,-0.00336589216479477,1.99994172681818,3.08348740783549,3.08695098252836,0.133913222521516
1.00691944693062,1,0.00691944693062396,0.99669182794787,1,-0.00330817205212952,1.99993913556773,3.92705852794825,3.93038853087472,-0.709524325824844
1.00691549124986,1,0.00691549124985613,0.996592399084875,1,-0.00340760091512493,1.99996582420681,3.11017639908459,3.11341876785755,0.107445437192325
1.50689387113653,1.5,0.00689387113652629,0.112644999084296,0.116,-0.0033550009157043,1.99993574431937,3.0919287990846,3.09538704510049,0.125477159949385
1.00691335363535,1,0.00691335363535472,0.228698492380317,0.232,-0.00330150761968254,2.00688584022646,3.37416059238058,3.37752036400464,-0.156656158954765
1.00691057113636,1,0.00691057113635907,1.22882112794832,1.232,-0.00317887205167788,2.00688009329588,3.21207922794838,3.21541394534349,0.00545025970638546
1.50690316443252,1.5,0.00690316443251504,0.00133242794890975,0,0.00133242794890975,2.00688563556832,3.1481140279484,3.15141768688065,0.0694465181692254
0.506924022159183,0.5,0.00692402215918264,0.462731685675863,0.466,-0.00326831432413749,2.00690837113598,3.31915858567572,3.32255805918542,-0.101693854135545
1.50689458659144,1.5,0.00689458659144293,0.112653807835159,0.116,-0.00334619216484135,1.99990121954761,3.05992010783484,3.06334633108385,0.157517873966025
0.499952308750835,0.5,-4.76912491649273e-05,0.228619292380245,0.232,-0.00338070761975542,2.0068567999997,3.13190929238044,3.13524161027875,0.0856225947711255
1.50690308454523,1.5,0.00690308454522892,0.00137154806179751,0,0.00137154806179751,1.99994416908976,3.84233664806197,3.84579970112953,-0.624935496079654
1.50692447988604,1.5,0.00692447988603817,0.462713636698027,0.466,-0.00328636330197335,2.00688584431828,3.85514743669864,3.85845023370013,-0.637586028650254
0.999968097954479,1,-3.19020455208374e-05,0.00133357022150449,0,0.00133357022150449,2.00688519590858,3.58108777022153,3.58434555874528,-0.363481353695405
1.50693071340811,1.5,0.00693071340811002,1.49679113465209,1.5,-0.00320886534791498,2.00688994227221,2.76727063465205,2.77063021693567,0.450233988114207
1.49998474431959,1.5,-1.52556804096093e-05,0.11262376351624,0.116,-0.0033762364837603,1.99993459068355,3.58438846351601,3.58775212045641,-0.366887915406535
1.50690046443106,1.5,0.0069004644310553,0.462603943402428,0.466,-0.00339605659757219,2.00684960874969,3.627586943403,3.63091937045558,-0.410055165405705
1.50690001340809,1.5,0.00690001340808521,0.00135747692456789,0,0.00135747692456789,1.99993920204633,2.70751987692529,2.71081037470485,0.510053830345023
0.499958171136313,0.5,-4.18288636865327e-05,0.728566456811677,0.732,-0.00343354318832279,1.99991141545433,3.78907345681182,3.79234434206864,-0.571480137018765
