real_dur;target_dur; dur_diff ;real_SOA;target_SOA;SOA_diff;trial_dur;trial_dur_plus_jitter
1,506899629;1,5; 0,0068996 ;1,497374928;1,5;-0,002625072;2,006881429;2,878082428
0,499982493;0,5;-0,0000175 ;0,962870535;0,966;-0,003129465;2,006885407;2,710416735
0,999964638;1;-0,0000354 ;1,112649486;1,116;-0,003350514;2,006883964;3,869656586
1,006883449;1; 0,0068834 ;1,462644166;1,466;-0,003355834;2,006854949;2,798203866
1,506900385;1,5; 0,0069004 ;1,728739006;1,732;-0,003260994;2,006885056;3,425286206
1,006920069;1; 0,0069201 ;0,99679915;1;-0,00320085;2,006900738;3,54395475
1,006910673;1; 0,0069107 ;0,462743415;0,466;-0,003256585;2,006882787;3,752469615
1,499954124;1,5;-0,0000459 ;1,962643579;1,966;-0,003356421;2,00688198;3,084457079
1,506900829;1,5; 0,0069008 ;0,462639135;0,466;-0,003360865;2,006884485;2,918194435
1,506896722;1,5; 0,0068967 ;1,962569686;1,966;-0,003430314;1,999963026;2,873043886
0,999995471;1;-0,0000045 ;0,112578866;0,116;-0,003421134;1,999967484;2,750496466
0,50001616;0,5; 0,0000162 ;0,112704999;0,116;-0,003295001;2,006886929;3,381608299
1,006882671;1; 0,0068827 ;0,001312099;0;0,001312099;2,006857264;3,047624099
0,999969729;1;-0,0000303 ;1,462593599;1,466;-0,003406401;1,99996682;3,597487899
1,506896929;1,5; 0,0068969 ;1,496627392;1,5;-0,003372608;2,006878458;3,045224992
0,499952333;0,5;-0,0000477 ;0,612730937;0,616;-0,003269063;2,006890544;3,200568937
1,006918842;1; 0,0069188 ;0,00133797;0;0,00133797;2,006913349;2,97638417
0,506923844;0,5; 0,0069238 ;0,496654172;0,5;-0,003345828;2,006878544;3,002570772
1,506867202;1,5; 0,0068672 ;0,462664794;0,466;-0,003335206;2,006878273;3,226464594
0,499983329;0,5;-0,0000167 ;0,612675599;0,616;-0,003324401;2,006910185;2,917575599
1,006888956;1; 0,0068890 ;0,001280772;0;0,001280772;2,006858249;3,947117972
1,006914285;1; 0,0069143 ;0,462637043;0,466;-0,003362957;2,006878822;3,661644843
1,006913456;1; 0,0069135 ;1,228669672;1,232;-0,003330328;2,006885702;3,930496172
0,506931722;0,5; 0,0069317 ;0,112633421;0,116;-0,003366579;1,999963562;3,256052221
0,506898329;0,5; 0,0068983 ;0,496598492;0,5;-0,003401508;2,006885707;3,206102092
0,499980251;0,5;-0,0000197 ;0,001375999;0;0,001375999;2,006882058;2,817098799
0,506895329;0,5; 0,0068953 ;0,612587657;0,616;-0,003412343;1,999908526;2,731209657
1,506900629;1,5; 0,0069006 ;1,728639457;1,732;-0,003360543;1,999930742;3,202405557
1,506894629;1,5; 0,0068946 ;0,112713592;0,116;-0,003286408;2,006911029;3,236935992
1,506900291;1,5; 0,0069003 ;1,72858037;1,732;-0,00341963;1,999938466;2,70161737
0,506934493;0,5; 0,0069345 ;0,228596092;0,232;-0,003403908;2,006918736;2,917227692
1,506886734;1,5; 0,0068867 ;1,496574055;1,5;-0,003425945;2,006856698;3,626692955
1,006910267;1; 0,0069103 ;1,228574884;1,232;-0,003425116;1,999934571;2,967505184
1,006910778;1; 0,0069108 ;0,112564866;0,116;-0,003435134;2,006885331;2,767776066
0,499986236;0,5;-0,0000138 ;0,728762899;0,732;-0,003237101;2,006884542;3,146810299
1,006918711;1; 0,0069187 ;0,228571764;0,232;-0,003428236;2,006884107;3,935681864
0,999973876;1;-0,0000261 ;1,112571948;1,116;-0,003428052;2,006919074;3,303465348
0,999976375;1;-0,0000236 ;0,112707692;0,116;-0,003292308;2,006855571;3,167820892
1,006884247;1; 0,0068842 ;0,001339599;0;0,001339599;2,006859876;3,166081099
0,506898758;0,5; 0,0068988 ;0,962877492;0,966;-0,003122508;2,006850322;3,874350492
1,506931418;1,5; 0,0069314 ;1,962774697;1,966;-0,003225303;1,999940522;3,462922097
0,506928371;0,5; 0,0069284 ;0,612719199;0,616;-0,003280801;2,006882078;3,299522899
0,506925236;0,5; 0,0069252 ;0,962645821;0,966;-0,003354179;1,999934166;2,819716421
1,006945364;1; 0,0069454 ;0,99667885;1;-0,00332115;2,00688072;3,08701525
1,499950089;1,5;-0,0000499 ;1,728637357;1,732;-0,003362643;2,006879722;3,271676157
0,499985115;0,5;-0,0000149 ;0,112581992;0,116;-0,003418008;2,006888471;3,559209092
0,50689318;0,5; 0,0068932 ;0,228594228;0,232;-0,003405772;2,006844658;2,792159828
1,499960069;1,5;-0,0000399 ;0,001320699;0;0,001320699;1,999973046;3,044901799
0,50695876;0,5; 0,0069588 ;0,462757317;0,466;-0,003242683;2,006882818;3,840461317
0,999969051;1;-0,0000309 ;1,112584406;1,116;-0,003415594;2,006882849;3,563226606
0,506898329;0,5; 0,0068983 ;0,72866555;0,732;-0,00333445;2,006858764;3,49440615
0,999972745;1;-0,0000273 ;0,228710597;0,232;-0,003289403;1,99993768;3,785118697
1,506869229;1,5; 0,0068692 ;1,728702692;1,732;-0,003297308;2,006857729;2,703728092
1,499927351;1,5;-0,0000726 ;0,462636015;0,466;-0,003363985;1,999909511;2,757858715
1,506903556;1,5; 0,0069036 ;0,11265337;0,116;-0,00334663;2,0068879;3,80298077
0,499983535;0,5;-0,0000165 ;0,462623964;0,466;-0,003376036;2,006883858;3,521914764
1,506903276;1,5; 0,0069033 ;0,462713526;0,466;-0,003286474;2,006883998;3,874131526
1,499953529;1,5;-0,0000465 ;0,001368492;0;0,001368492;1,9999413;3,345692592
1,506894349;1,5; 0,0068943 ;0,462571135;0,466;-0,003428865;1,999962344;3,282291235
0,506921871;0,5; 0,0069219 ;0,962714299;0,966;-0,003285701;2,006877078;3,166244699
0,506897009;0,5; 0,0068970 ;0,496757508;0,5;-0,003242492;1,999942862;3,226434008
1,506902964;1,5; 0,0069030 ;0,462646057;0,466;-0,003353943;2,006860593;2,737119857
0,500012511;0,5; 0,0000125 ;0,22860927;0,232;-0,00339073;1,999940553;3,14361217
1,006945718;1; 0,0069457 ;0,228780915;0,232;-0,003219085;2,006916764;2,838613915
1,506909725;1,5; 0,0069097 ;0,228686446;0,232;-0,003313554;2,006866618;2,814351146
0,499983682;0,5;-0,0000163 ;0,462818115;0,466;-0,003181885;2,006910822;3,568853715
1,506906971;1,5; 0,0069070 ;1,72859337;1,732;-0,00340663;2,0068885;2,94109547
0,506928693;0,5; 0,0069287 ;0,728663492;0,732;-0,003336508;2,006886436;3,614031492
1,00691804;1; 0,0069180 ;0,996776864;1;-0,003223136;2,006914142;2,948894564
0,50693272;0,5; 0,0069327 ;0,001454784;0;0,001454784;1,99993926;3,579762984
1,506895658;1,5; 0,0068957 ;0,462674915;0,466;-0,003325085;2,00685398;2,980168815
0,506928809;0,5; 0,0069288 ;0,612583201;0,616;-0,003416799;2,006854502;3,185689501
0,506955742;0,5; 0,0069557 ;0,962779299;0,966;-0,003220701;1,99996798;2,770616199
1,00692516;1; 0,0069252 ;1,112794499;1,116;-0,003205501;2,006859171;3,060469899
1,006913615;1; 0,0069136 ;0,001256072;0;0,001256072;1,99996486;3,440413372
1,506900215;1,5; 0,0069002 ;0,001362792;0;0,001362792;2,006883864;3,158919792
1,006914207;1; 0,0069142 ;0,112630492;0,116;-0,003369508;2,006882042;3,052247292
0,506929022;0,5; 0,0069290 ;0,496665786;0,5;-0,003334214;2,006883622;3,604857186
1,006886629;1; 0,0068866 ;0,228746457;0,232;-0,003253543;2,006852029;3,233080857
1,506897458;1,5; 0,0068975 ;0,00140065;0;0,00140065;2,006882071;3,66950395
0,506963634;0,5; 0,0069636 ;0,228677519;0,232;-0,003322481;2,006915998;2,908650719
0,5069026;0,5; 0,0069026 ;0,496577992;0,5;-0,003422008;1,999940551;2,894142292
1,006921918;1; 0,0069219 ;0,228659706;0,232;-0,003340294;1,999936922;3,451792706
1,006910347;1; 0,0069103 ;1,112561299;1,116;-0,003438701;2,006882911;3,021065299
0,506926824;0,5; 0,0069268 ;0,728645081;0,732;-0,003354919;2,006882224;3,698345181
1,506904529;1,5; 0,0069045 ;0,228657757;0,232;-0,003342243;1,999963675;3,398474857
1,506906678;1,5; 0,0069067 ;1,612742615;1,616;-0,003257385;2,0068869;2,822885015
1,006843793;1; 0,0068438 ;0,462749921;0,466;-0,003250079;2,006843029;2,798446821
1,006912871;1; 0,0069129 ;1,112644535;1,116;-0,003355465;2,006913078;3,170468535
0,499961073;0,5;-0,0000389 ;0,001343292;0;0,001343292;1,999911144;2,753439892
0,500006697;0,5; 0,0000067 ;0,61264117;0,616;-0,00335883;2,006884307;3,48907597
0,506934436;0,5; 0,0069344 ;0,496678657;0,5;-0,003321343;2,006856936;3,624112457
0,500012611;0,5; 0,0000126 ;0,72860377;0,732;-0,00339623;1,999940704;3,94800767
1,006937858;1; 0,0069379 ;0,001237479;0;0,001237479;2,006882015;3,259209179
1,499951673;1,5;-0,0000483 ;0,112698186;0,116;-0,003301814;1,999936191;2,969531386
1,006916127;1; 0,0069161 ;1,46276525;1,466;-0,00323475;2,006888798;2,75054155
0,506905105;0,5; 0,0069051 ;0,61279697;0,616;-0,00320303;2,00685936;2,73628087
0,506931942;0,5; 0,0069319 ;0,962572235;0,966;-0,003427765;2,006888449;3,307832135
1,499951702;1,5;-0,0000483 ;1,962566986;1,966;-0,003433014;1,999966051;3,424668686
0,506935149;0,5; 0,0069351 ;0,496815641;0,5;-0,003184359;2,006887478;3,709662841
0,506901793;0,5; 0,0069018 ;0,462651957;0,466;-0,003348043;2,006887864;3,840164257
1,506899064;1,5; 0,0068991 ;1,612568157;1,616;-0,003431843;2,006856193;3,523517857
1,506900109;1,5; 0,0069001 ;1,496616672;1,5;-0,003383328;2,006884538;2,828662872
0,506938787;0,5; 0,0069388 ;0,228742508;0,232;-0,003257492;2,006856544;3,085833808
0,499980295;0,5;-0,0000197 ;0,228762843;0,232;-0,003237157;2,006880644;3,315388543
0,999973956;1;-0,0000260 ;1,462967408;1,466;-0,003032592;1,999946871;2,760250208
0,506931093;0,5; 0,0069311 ;0,001324292;0;0,001324292;2,0068852;3,645110592
0,999939098;1;-0,0000609 ;1,228656377;1,232;-0,003343623;1,999908518;2,699304077
0,500014793;0,5; 0,0000148 ;0,612590706;0,616;-0,003409294;2,006883507;3,586925906
1,506899324;1,5; 0,0068993 ;1,496731652;1,5;-0,003268348;2,006907938;3,716804652
1,506900336;1,5; 0,0069003 ;0,001323015;0;0,001323015;2,006881464;3,688335215
0,506946436;0,5; 0,0069464 ;0,228767499;0,232;-0,003232501;2,006885507;3,378442599
1,006917276;1; 0,0069173 ;1,228806028;1,232;-0,003193972;2,006883387;3,103187228
0,999967187;1;-0,0000328 ;1,462774735;1,466;-0,003225265;2,006881436;3,570385835
1,506900402;1,5; 0,0069004 ;1,612771072;1,616;-0,003228928;2,006912351;3,046759072
0,506924815;0,5; 0,0069248 ;0,001278108;0;0,001278108;2,006883473;3,587340408
1,006911444;1; 0,0069114 ;0,001274286;0;0,001274286;1,999933628;3,262446686
1,006911482;1; 0,0069115 ;0,462786328;0,466;-0,003213672;2,006850007;3,154009928
1,006918336;1; 0,0069183 ;0,112586535;0,116;-0,003413465;2,006884807;2,851470035
1,506959749;1,5; 0,0069597 ;0,11261137;0,116;-0,00338863;1,999937818;2,91672727
1,506869129;1,5; 0,0068691 ;0,228586028;0,232;-0,003413972;1,999908353;2,758272228
1,499953438;1,5;-0,0000466 ;0,112657086;0,116;-0,003342914;2,006916071;3,577547186
1,00691696;1; 0,0069170 ;1,112781848;1,116;-0,003218152;1,999939776;3,878328248
1,506902249;1,5; 0,0069022 ;0,462666528;0,466;-0,003333472;2,006880907;3,486997628
1,506903898;1,5; 0,0069039 ;0,112626261;0,116;-0,003373739;2,006885091;3,252052161
0,506929815;0,5; 0,0069298 ;0,001305179;0;0,001305179;2,0069201;3,115800679
1,006913829;1; 0,0069138 ;0,996723457;1;-0,003276543;1,999939151;2,967161857
0,999970736;1;-0,0000293 ;1,462614786;1,466;-0,003385214;1,999940949;3,303303586
0,999947596;1;-0,0000524 ;0,112748937;0,116;-0,003251063;2,006875645;3,040110037
1,499952473;1,5;-0,0000475 ;0,11270115;0,116;-0,00329885;1,999969829;2,79739155
1,006921191;1; 0,0069212 ;1,462741784;1,466;-0,003258216;2,006889256;2,699728384
0,500026171;0,5; 0,0000262 ;0,962672341;0,966;-0,003327659;2,006914291;3,871930641
1,506895064;1,5; 0,0068951 ;0,001370964;0;0,001370964;2,006910142;3,053767164
1,006942189;1; 0,0069422 ;1,112738977;1,116;-0,003261023;2,006879213;2,854978277
1,006884845;1; 0,0068848 ;1,228763433;1,232;-0,003236567;2,006853034;2,764971633
1,506864564;1,5; 0,0068646 ;0,462579564;0,466;-0,003420436;2,006845364;3,871245264
1,499950951;1,5;-0,0000490 ;0,112621892;0,116;-0,003378108;2,006882622;2,729629092
0,499980944;0,5;-0,0000191 ;0,462576435;0,466;-0,003423565;1,999936975;3,816092835
1,006886187;1; 0,0068862 ;0,22863065;0,232;-0,00336935;1,999904671;3,40891305
1,506897836;1,5; 0,0068978 ;1,728774135;1,732;-0,003225865;2,006883342;2,778662335
0,50692862;0,5; 0,0069286 ;0,496608864;0,5;-0,003391136;2,006879307;3,426599964
1,506834471;1,5; 0,0068345 ;0,228683999;0,232;-0,003316001;1,999883795;3,332508199
1,006915969;1; 0,0069160 ;0,112567706;0,116;-0,003432294;1,999948186;3,813103606
0,500015164;0,5; 0,0000152 ;0,001311264;0;0,001311264;2,00688732;2,896779564
0,499987631;0,5;-0,0000124 ;0,228607586;0,232;-0,003392414;2,006885087;3,968562486
1,506869902;1,5; 0,0068699 ;0,462660308;0,466;-0,003339692;1,999915989;2,974081108
0,999973393;1;-0,0000266 ;0,112563919;0,116;-0,003436081;2,006892727;3,559216919
0,99997004;1;-0,0000300 ;0,228772635;0,232;-0,003227365;2,006887131;2,946361535
1,006879005;1; 0,0068790 ;0,996766621;1;-0,003233379;2,006841022;2,730017821
1,506899164;1,5; 0,0068992 ;1,496628292;1,5;-0,003371708;2,006886093;2,989802092
0,506927622;0,5; 0,0069276 ;0,228704215;0,232;-0,003295785;2,006883415;3,565404315
1,506903176;1,5; 0,0069032 ;1,728641339;1,732;-0,003358661;2,006889376;3,236619439
1,499951744;1,5;-0,0000483 ;1,612685064;1,616;-0,003314936;2,0068852;2,765081664
0,506960536;0,5; 0,0069605 ;0,112617721;0,116;-0,003382279;2,0069144;3,285098521
0,506934313;0,5; 0,0069343 ;0,496766712;0,5;-0,003233288;2,006886885;3,299240912
0,506928336;0,5; 0,0069283 ;0,496610241;0,5;-0,003389759;2,006887085;3,942298741
0,500016062;0,5; 0,0000161 ;0,112771908;0,116;-0,003228092;1,999939838;3,138678908
1,499952509;1,5;-0,0000475 ;1,612700035;1,616;-0,003299965;2,006883471;3,725398635
1,006917782;1; 0,0069178 ;0,22877357;0,232;-0,00322643;2,006885907;3,80328187
0,999970211;1;-0,0000298 ;1,112667257;1,116;-0,003332743;1,999951752;3,069491257
1,506925958;1,5; 0,0069260 ;1,962651615;1,966;-0,003348385;1,999937526;2,765793915
1,499925889;1,5;-0,0000741 ;0,228638943;0,232;-0,003361057;2,006858109;3,215369243
0,49998642;0,5;-0,0000136 ;0,11266617;0,116;-0,00333383;1,999968042;2,80073777
1,506896958;1,5; 0,0068970 ;0,228768721;0,232;-0,003231279;2,006883487;3,708454721
1,499985787;1,5;-0,0000142 ;0,112729835;0,116;-0,003270165;2,006884713;3,098888035
0,499982524;0,5;-0,0000175 ;0,962618086;0,966;-0,003381914;2,0068836;2,841931086
1,506869544;1,5; 0,0068695 ;0,462653908;0,466;-0,003346092;2,006852409;3,181247008
1,006885978;1; 0,0068860 ;0,462569486;0,466;-0,003430514;2,006852178;2,974533586
0,506920402;0,5; 0,0069204 ;0,728596737;0,732;-0,003403263;2,006908051;3,757118137
0,506922493;0,5; 0,0069225 ;0,496750057;0,5;-0,003249943;2,006877822;2,849368657
0,506922244;0,5; 0,0069222 ;0,112800037;0,116;-0,003199963;2,006852773;2,867027137
1,006915322;1; 0,0069153 ;0,462604692;0,466;-0,003395308;2,0069107;3,235002492
0,506931285;0,5; 0,0069313 ;0,228573277;0,232;-0,003426723;2,006879578;3,000594677
0,5069346;0,5; 0,0069346 ;0,228696099;0,232;-0,003303901;2,006883907;3,076750699
0,999945934;1;-0,0000541 ;0,001368912;0;0,001368912;2,006856969;3,051824912
1,506902213;1,5; 0,0069022 ;1,612608541;1,616;-0,003391459;2,006918885;2,854209941
1,006916111;1; 0,0069161 ;1,462745528;1,466;-0,003254472;2,006911991;2,809464528
0,506928064;0,5; 0,0069281 ;0,496703628;0,5;-0,003296372;2,006876229;2,743146428
1,506902356;1,5; 0,0069024 ;0,22882377;0,232;-0,00317623;2,006912449;3,03067427
1,506893904;1,5; 0,0068939 ;0,228879681;0,232;-0,003120319;2,006880418;3,483017981
1,506889889;1,5; 0,0068899 ;1,72881501;1,732;-0,00318499;2,006881789;3,09172501
1,506895736;1,5; 0,0068957 ;0,462634999;0,466;-0,003365001;2,0068861;3,791174699
0,506929462;0,5; 0,0069295 ;0,612702155;0,616;-0,003297845;2,006879707;2,827845255
0,50001402;0,5; 0,0000140 ;0,22863735;0,232;-0,00336265;2,006882809;3,67456165
0,506959049;0,5; 0,0069590 ;0,228609999;0,232;-0,003390001;2,006882191;3,884371099
0,506928609;0,5; 0,0069286 ;0,001351279;0;0,001351279;2,006885158;3,475170479
1,506921064;1,5; 0,0069211 ;1,962579821;1,966;-0,003420179;2,006880029;3,422780221
0,499981893;0,5;-0,0000181 ;0,728670221;0,732;-0,003329779;1,99993386;3,255046021
1,506901022;1,5; 0,0069010 ;0,228609115;0,232;-0,003390885;2,006888351;2,878277915
0,49997718;0,5;-0,0000228 ;0,962625528;0,966;-0,003374472;2,006877166;3,753796628
0,506963707;0,5; 0,0069637 ;0,112716492;0,116;-0,003283508;1,999937902;3,059289392
0,99996708;1;-0,0000329 ;1,228770472;1,232;-0,003229528;1,999966393;2,715524372
0,99999948;1;-0,0000005 ;1,228706735;1,232;-0,003293265;1,999940271;3,245154935
0,499985931;0,5;-0,0000141 ;0,228858308;0,232;-0,003141692;2,006854522;3,734632608
0,5069291;0,5; 0,0069291 ;0,962637157;0,966;-0,003362843;2,0068446;2,708736757
0,506927364;0,5; 0,0069274 ;0,228730392;0,232;-0,003269608;2,006884536;3,098842792
0,5069571;0,5; 0,0069571 ;0,612610286;0,616;-0,003389714;2,0069083;3,069983986
0,999968078;1;-0,0000319 ;0,001250779;0;0,001250779;2,006885098;2,789254079
1,506892236;1,5; 0,0068922 ;1,496734557;1,5;-0,003265443;1,999960722;3,731517157
1,499952487;1,5;-0,0000475 ;1,612574028;1,616;-0,003425972;1,999964491;3,267657328
1,006913625;1; 0,0069136 ;1,228754106;1,232;-0,003245894;1,999942713;2,700884106
0,500011444;0,5; 0,0000114 ;0,001407955;0;0,001407955;1,999968889;3,350712955
1,499953464;1,5;-0,0000465 ;1,962824035;1,966;-0,003175965;2,006915113;3,683893235
1,006942089;1; 0,0069421 ;0,996615099;1;-0,003384901;2,006911607;3,465204599
0,5000148;0,5; 0,0000148 ;0,728616412;0,732;-0,003383588;2,006882678;2,972979912
1,506899749;1,5; 0,0068997 ;1,612663892;1,616;-0,003336108;2,006853129;2,709851592
0,999966269;1;-0,0000337 ;0,112675515;0,116;-0,003324485;2,006851751;2,761217115
1,499955587;1,5;-0,0000444 ;1,962616699;1,966;-0,003383301;1,999944144;2,861230899
0,49998468;0,5;-0,0000153 ;0,462777521;0,466;-0,003222479;2,006882936;3,043283321
0,99996822;1;-0,0000318 ;0,001441106;0;0,001441106;2,006886771;3,212016606
0,999974678;1;-0,0000253 ;1,228680057;1,232;-0,003319943;2,006914705;3,707558157
1,506899129;1,5; 0,0068991 ;1,962719528;1,966;-0,003280472;2,006920178;2,786557228
1,49995386;1,5;-0,0000461 ;0,112626443;0,116;-0,003373557;1,99993754;2,799008643
1,006882736;1; 0,0068827 ;1,112710257;1,116;-0,003289743;2,006854769;3,211085757
0,999942315;1;-0,0000577 ;0,462824415;0,466;-0,003175585;1,999916293;3,249985415
0,499981009;0,5;-0,0000190 ;0,228595521;0,232;-0,003404479;1,999936133;3,888657421
0,999998138;1;-0,0000019 ;0,46260575;0,466;-0,00339425;2,006884793;3,69945895
1,006884964;1; 0,0068850 ;0,001298292;0;0,001298292;2,006856258;3,468024992
1,006919427;1; 0,0069194 ;1,462680379;1,466;-0,003319621;1,999937491;2,795830479
0,999970724;1;-0,0000293 ;0,462667617;0,466;-0,003332383;2,006911578;3,073815217
1,006939924;1; 0,0069399 ;0,112633681;0,116;-0,003366319;2,006881324;3,039130781
1,499921909;1,5;-0,0000781 ;0,228799892;0,232;-0,003200108;1,99990244;2,966990892
1,506867251;1,5; 0,0068673 ;1,496600643;1,5;-0,003399357;2,006881622;3,137198843
1,499958511;1,5;-0,0000415 ;0,001318092;0;0,001318092;1,99994154;2,869368592
0,506929371;0,5; 0,0069294 ;0,228732935;0,232;-0,003267065;2,006886071;3,520442435
1,006915796;1; 0,0069158 ;0,996600335;1;-0,003399665;1,999971818;3,901146335
0,499988226;0,5;-0,0000118 ;0,612709399;0,616;-0,003290601;2,006891271;2,850668299
1,006915671;1; 0,0069157 ;1,112781428;1,116;-0,003218572;2,006882209;2,961688328
1,506903471;1,5; 0,0069035 ;1,612603628;1,616;-0,003396372;2,006918636;3,768253028
0,506924929;0,5; 0,0069249 ;0,496756599;0,5;-0,003243401;2,006883707;3,215037199
1,006923482;1; 0,0069235 ;1,112708806;1,116;-0,003291194;1,999953643;3,561830206
1,506865393;1,5; 0,0068654 ;0,228640115;0,232;-0,003359885;2,006851629;3,392626915
0,50692288;0,5; 0,0069229 ;0,612695379;0,616;-0,003304621;1,999932789;2,771757879
1,49995908;1,5;-0,0000409 ;1,612687515;1,616;-0,003312485;1,999936022;3,673247115
0,499976951;0,5;-0,0000230 ;0,22873057;0,232;-0,00326943;1,999963458;3,36426607
1,506897358;1,5; 0,0068974 ;1,496628421;1,5;-0,003371579;2,006917264;3,649186121
1,006880622;1; 0,0068806 ;0,228670421;0,232;-0,003329579;2,006854107;2,800644721
0,506931458;0,5; 0,0069315 ;0,612705679;0,616;-0,003294321;2,006881666;2,937739079
1,506902729;1,5; 0,0069027 ;0,112586628;0,116;-0,003413372;2,006916922;3,550763728
1,499956373;1,5;-0,0000436 ;1,61260655;1,616;-0,00339345;2,006885287;2,90832635
0,506900851;0,5; 0,0069009 ;0,962714066;0,966;-0,003285934;1,99990262;3,156629366
1,506873015;1,5; 0,0068730 ;1,728569179;1,732;-0,003430821;2,006860651;2,947811579
1,506870622;1,5; 0,0068706 ;0,22868035;0,232;-0,00331965;2,006858422;3,18216455
1,506903976;1,5; 0,0069040 ;1,496671139;1,5;-0,003328861;1,999946051;2,904553939
0,506956715;0,5; 0,0069567 ;0,496634337;0,5;-0,003365663;2,006880095;3,361774637
1,006913429;1; 0,0069134 ;0,001295664;0;0,001295664;1,999934987;3,773914264
0,499981889;0,5;-0,0000181 ;0,462751192;0,466;-0,003248808;2,006915664;2,906872792
1,506931842;1,5; 0,0069318 ;1,962669664;1,966;-0,003330336;2,006883164;2,800128264
1,50690256;1,5; 0,0069026 ;0,112780368;0,116;-0,003219632;2,006860889;3,119635368
1,00695014;1; 0,0069501 ;0,001251115;0;0,001251115;2,006893462;3,644257215
0,506923664;0,5; 0,0069237 ;0,001311757;0;0,001311757;2,006886271;2,703565557
1,506895213;1,5; 0,0068952 ;1,962650477;1,966;-0,003349523;1,999934482;3,515345877
1,506924536;1,5; 0,0069245 ;0,228739586;0,232;-0,003260414;2,006908742;3,165842286
1,499925673;1,5;-0,0000743 ;1,962762228;1,966;-0,003237772;2,006852715;3,969055428
1,499983409;1,5;-0,0000166 ;1,72864335;1,732;-0,00335665;2,006886522;3,68343255
0,506927205;0,5; 0,0069272 ;0,612705033;0,616;-0,003294967;2,006884956;3,215310833
1,006940185;1; 0,0069402 ;0,112627392;0,116;-0,003372608;1,999936627;3,425195592
1,506870858;1,5; 0,0068709 ;0,462589908;0,466;-0,003410092;1,999904455;3,098038408
0,506960771;0,5; 0,0069608 ;0,728791257;0,732;-0,003208743;2,006885351;3,209882457
0,499987093;0,5;-0,0000129 ;0,001343264;0;0,001343264;1,99993908;3,567603464
1,506900351;1,5; 0,0069004 ;1,612635286;1,616;-0,003364714;1,999931277;3,171065286
0,499984342;0,5;-0,0000157 ;0,72872905;0,732;-0,00327095;2,0068898;3,90024725
0,999973698;1;-0,0000263 ;1,228732735;1,232;-0,003267265;2,006888518;3,335860535
0,499978553;0,5;-0,0000214 ;0,112735992;0,116;-0,003264008;2,006882964;3,602489292
0,506898629;0,5; 0,0068986 ;0,496606757;0,5;-0,003393243;2,0068546;3,571449857
0,499984329;0,5;-0,0000157 ;0,001275943;0;0,001275943;1,999963924;3,336353043
0,500030433;0,5; 0,0000304 ;0,462684486;0,466;-0,003315514;2,006884464;2,834146586
0,506933734;0,5; 0,0069337 ;0,72872539;0,732;-0,00327461;2,006884262;2,81440969
0,999967446;1;-0,0000326 ;1,112685472;1,116;-0,003314528;2,006852509;3,476187572
0,499984751;0,5;-0,0000152 ;0,612751828;0,616;-0,003248172;2,0068863;3,599106928
1,506864709;1,5; 0,0068647 ;1,612784808;1,616;-0,003215192;2,006882187;3,879164808
1,006917598;1; 0,0069176 ;1,46283235;1,466;-0,00316765;2,006881622;3,61112695
0,999967062;1;-0,0000329 ;1,112630557;1,116;-0,003369443;2,006857576;2,800732557
1,506928436;1,5; 0,0069284 ;0,112714979;0,116;-0,003285021;2,006916522;2,829810779
1,006915005;1; 0,0069150 ;1,112660064;1,116;-0,003339936;2,006888047;2,747244664
1,506898171;1,5; 0,0068982 ;1,49660957;1,5;-0,00339043;2,006883064;2,96281397
0,506929164;0,5; 0,0069292 ;0,228740521;0,232;-0,003259479;2,006880787;3,389929821
0,999941736;1;-0,0000583 ;1,112730112;1,116;-0,003269888;2,006854118;2,747666312
0,999974598;1;-0,0000254 ;0,112611835;0,116;-0,003388165;1,999944405;2,948577535
1,006916042;1; 0,0069160 ;0,462782012;0,466;-0,003217988;2,006885085;3,739907912
0,499950291;0,5;-0,0000497 ;0,001329786;0;0,001329786;2,006852222;3,589876886
1,506871722;1,5; 0,0068717 ;1,962597421;1,966;-0,003402579;2,006852287;3,396168621
1,506895249;1,5; 0,0068952 ;0,001407835;0;0,001407835;2,006882764;3,629875935
1,006916636;1; 0,0069166 ;1,112696435;1,116;-0,003303565;2,006886164;2,782554835
1,499949882;1,5;-0,0000501 ;0,462760535;0,466;-0,003239465;2,006882564;2,821778335
1,006891585;1; 0,0068916 ;1,112819101;1,116;-0,003180899;2,006887358;2,929541201
1,006913189;1; 0,0069132 ;0,462691617;0,466;-0,003308383;2,006884218;3,402405617
0,999967266;1;-0,0000327 ;0,001308299;0;0,001308299;1,999966104;3,152909699
1,506896829;1,5; 0,0068968 ;1,728621428;1,732;-0,003378572;2,006882564;3,167345128
1,506871064;1,5; 0,0068711 ;0,228766092;0,232;-0,003233908;2,006854393;3,903322792
1,506898831;1,5; 0,0068988 ;1,728692921;1,732;-0,003307079;2,006885371;2,740319421
1,506905998;1,5; 0,0069060 ;0,112566012;0,116;-0,003433988;2,006889285;3,748826912
1,506872793;1,5; 0,0068728 ;1,496773864;1,5;-0,003226136;2,006859036;2,800809664
0,499986491;0,5;-0,0000135 ;0,001284321;0;0,001284321;2,006886587;3,144804621
0,506956513;0,5; 0,0069565 ;0,001329899;0;0,001329899;1,999934938;3,996433999
1,506925924;1,5; 0,0069259 ;0,228667852;0,232;-0,003332148;2,006906131;3,842250552
1,006913469;1; 0,0069135 ;0,996720986;1;-0,003279014;1,999936209;3,646546586
1,506899027;1,5; 0,0068990 ;0,462690361;0,466;-0,003309639;2,006884691;3,448902061
0,999976582;1;-0,0000234 ;0,112778235;0,116;-0,003221765;1,999943198;3,765084135
1,006916362;1; 0,0069164 ;0,99672905;1;-0,00327095;1,999950388;2,97916375
0,506899958;0,5; 0,0069000 ;0,612583057;0,616;-0,003416943;2,006854729;2,791858357
1,499953866;1,5;-0,0000461 ;1,612754021;1,616;-0,003245979;2,006915264;3,507728221
1,506872213;1,5; 0,0068722 ;0,001411541;0;0,001411541;2,006853042;3,422864141
0,500016185;0,5; 0,0000162 ;0,962684506;0,966;-0,003315494;2,006879742;3,221243406
0,506931342;0,5; 0,0069313 ;0,49664437;0,5;-0,00335563;1,999977515;3,23709417
1,006912285;1; 0,0069123 ;0,996777048;1;-0,003222952;2,00688482;3,531987548
0,999964562;1;-0,0000354 ;1,112590657;1,116;-0,003409343;1,999911856;2,796430157
1,006917211;1; 0,0069172 ;0,001319135;0;0,001319135;2,006885107;2,993076235
1,506929436;1,5; 0,0069294 ;0,462779457;0,466;-0,003220543;1,999933826;3,274513557
1,506895134;1,5; 0,0068951 ;0,001919097;0;0,001919097;2,00687944;3,820816697
1,506929936;1,5; 0,0069299 ;1,728767492;1,732;-0,003232508;2,006885593;2,825362692
1,506895978;1,5; 0,0068960 ;0,112649864;0,116;-0,003350136;2,006882551;3,014043664
0,506951066;0,5; 0,0069511 ;0,228712159;0,232;-0,003287841;2,006875895;3,376413959
0,506929364;0,5; 0,0069294 ;0,612858121;0,616;-0,003141879;2,0068844;2,855422621
1,506903558;1,5; 0,0069036 ;1,612856521;1,616;-0,003143479;1,999966046;3,856814921
1,506892038;1,5; 0,0068920 ;1,962699437;1,966;-0,003300563;2,006875266;3,333981037
0,506901293;0,5; 0,0069013 ;0,112595592;0,116;-0,003404408;2,006883864;2,795477992
1,006883869;1; 0,0068839 ;0,228698757;0,232;-0,003301243;2,006855762;3,466589257
1,5069233;1,5; 0,0069233 ;0,001282821;0;0,001282821;2,006910429;3,129940321
1,006916454;1; 0,0069165 ;1,11266027;1,116;-0,00333973;2,00690856;2,75069237
1,006908313;1; 0,0069083 ;0,462600106;0,466;-0,003399894;2,00687772;3,182450706
1,506895715;1,5; 0,0068957 ;1,496650079;1,5;-0,003349921;1,999936256;3,760471879
1,5068969;1,5; 0,0068969 ;1,496635699;1,5;-0,003364301;1,999967797;3,396550799
0,506932036;0,5; 0,0069320 ;0,61279367;0,616;-0,00320633;1,999935944;3,24478067
0,506930071;0,5; 0,0069301 ;0,49676115;0,5;-0,00323885;2,006910693;3,63006235
1,506930907;1,5; 0,0069309 ;0,228653935;0,232;-0,003346065;2,006881536;3,707233935
1,006919847;1; 0,0069198 ;0,996825235;1;-0,003174765;1,999940118;3,745295235
1,006912691;1; 0,0069127 ;0,996770408;1;-0,003229592;1,999968929;3,147935308
1,006890705;1; 0,0068907 ;0,112613092;0,116;-0,003386908;2,006886936;3,382051992
0,499955373;0,5;-0,0000446 ;0,001397241;0;0,001397241;2,006858242;3,708848041
1,506897258;1,5; 0,0068973 ;0,228760586;0,232;-0,003239414;2,006882351;3,059817486
1,499951382;1,5;-0,0000486 ;1,962606328;1,966;-0,003393672;2,006882642;3,224089028
1,5068961;1,5; 0,0068961 ;1,728702992;1,732;-0,003297008;1,999936702;3,133449392
1,006913447;1; 0,0069134 ;0,462571364;0,466;-0,003428636;2,006884911;2,965818864
1,006915047;1; 0,0069150 ;0,001338228;0;0,001338228;2,006856515;3,754525228
0,999938998;1;-0,0000610 ;0,228692264;0,232;-0,003307736;1,999939571;3,303385764
1,506901653;1,5; 0,0069017 ;1,612587488;1,616;-0,003412512;2,006913253;3,440092188
0,506928766;0,5; 0,0069288 ;0,496738188;0,5;-0,003261812;2,006856989;2,945285788
1,006887964;1; 0,0068880 ;1,112574621;1,116;-0,003425379;1,99990982;3,726120621
1,506973842;1,5; 0,0069738 ;1,612720257;1,616;-0,003279743;2,006885451;3,088851457
1,499918869;1,5;-0,0000811 ;0,462624457;0,466;-0,003375543;2,006852822;3,876285457
0,499985389;0,5;-0,0000146 ;0,001344841;0;0,001344841;2,006891813;2,759210641
1,006880393;1; 0,0068804 ;0,001307692;0;0,001307692;2,006850293;3,469152792
1,006909876;1; 0,0069099 ;0,996667928;1;-0,003332072;2,006883754;3,032454728
0,499988251;0,5;-0,0000117 ;0,612782741;0,616;-0,003217259;2,006887627;2,749386941
0,506926909;0,5; 0,0069269 ;0,96275375;0,966;-0,00324625;2,006883387;2,82881535
1,506922358;1,5; 0,0069224 ;1,962732015;1,966;-0,003267985;1,999972222;3,203676415
0,506957878;0,5; 0,0069579 ;0,462732064;0,466;-0,003267936;2,006878078;3,145077164
1,006918296;1; 0,0069183 ;0,228624977;0,232;-0,003375023;1,999940693;3,244380477
1,506905954;1,5; 0,0069060 ;0,228769875;0,232;-0,003230125;1,999945644;2,858745375
0,506927836;0,5; 0,0069278 ;0,962861399;0,966;-0,003138601;2,006886142;3,450341099
1,506902507;1,5; 0,0069025 ;1,496732992;1,5;-0,003267008;2,006857493;2,738918492
0,506915572;0,5; 0,0069156 ;0,4967854;0,5;-0,0032146;2,006868336;2,9420352
1,006919207;1; 0,0069192 ;0,228758435;0,232;-0,003241565;2,006915713;3,104125035
1,006887713;1; 0,0068877 ;0,112587357;0,116;-0,003412643;2,006857558;3,809953057
1,5068701;1,5; 0,0068701 ;1,496742892;1,5;-0,003257108;2,006856329;2,862365592
1,499951866;1,5;-0,0000481 ;0,00134527;0;0,00134527;1,999937993;3,01085987
1,499956038;1,5;-0,0000440 ;0,112765415;0,116;-0,003234585;1,999937438;3,177621315
1,506899951;1,5; 0,0069000 ;0,112853315;0,116;-0,003146685;2,006885315;3,007162115
0,999963755;1;-0,0000362 ;0,22870247;0,232;-0,00329753;1,999939544;2,86038127
0,506929285;0,5; 0,0069293 ;0,112639684;0,116;-0,003360316;2,00688322;2,969834484
0,999973471;1;-0,0000265 ;0,112636341;0,116;-0,003363659;1,999949276;3,306442741
0,506904754;0,5; 0,0069048 ;0,00147291;0;0,00147291;2,006860818;3,51661551
0,500017046;0,5; 0,0000170 ;0,228576615;0,232;-0,003423385;2,006889115;3,224284515
1,499950526;1,5;-0,0000495 ;0,22871565;0,232;-0,00328435;1,999938431;3,00976905
0,999970622;1;-0,0000294 ;1,462673952;1,466;-0,003326048;2,006914013;3,115366952
0,499981602;0,5;-0,0000184 ;0,112605335;0,116;-0,003394665;2,006882336;3,957421435
0,499983409;0,5;-0,0000166 ;0,962616764;0,966;-0,003383236;2,006940807;3,370314964
1,50689238;1,5; 0,0068924 ;1,728584915;1,732;-0,003415085;1,999965982;3,227366915
1,006885947;1; 0,0068859 ;0,112631028;0,116;-0,003368972;2,006852513;2,910272228
1,006914571;1; 0,0069146 ;0,996589064;1;-0,003410936;1,999973775;3,901140564
0,499978131;0,5;-0,0000219 ;0,001385035;0;0,001385035;1,999935793;3,117703735
1,506874551;1,5; 0,0068746 ;0,112691415;0,116;-0,003308585;2,006856064;3,015784815
1,006916022;1; 0,0069160 ;0,99657833;1;-0,00342167;1,999941646;2,96032263
0,506924029;0,5; 0,0069240 ;0,462751064;0,466;-0,003248936;2,006877364;3,681272864
1,506867258;1,5; 0,0068673 ;1,612571192;1,616;-0,003428808;1,999936555;3,361214992
0,5069293;0,5; 0,0069293 ;0,462674664;0,466;-0,003325336;1,999939509;3,808360964
1,499982338;1,5;-0,0000177 ;1,72876893;1,732;-0,00323107;1,999938931;3,46808373
1,5069319;1,5; 0,0069319 ;1,612664028;1,616;-0,003335972;2,0068878;3,112721528
0,499979746;0,5;-0,0000203 ;0,728601308;0,732;-0,003398692;2,006889887;2,828233608
1,006886173;1; 0,0068862 ;1,112795372;1,116;-0,003204628;2,006860715;2,789274772
0,499983202;0,5;-0,0000168 ;0,612778035;0,616;-0,003221965;2,00688542;2,817282035
0,49998484;0,5;-0,0000152 ;0,001398664;0;0,001398664;1,999940815;3,388577064
1,006909936;1; 0,0069099 ;0,112682299;0,116;-0,003317701;1,999964551;3,255006099
1,006893562;1; 0,0068936 ;1,112748279;1,116;-0,003251721;2,006856631;3,068577979
0,506956042;0,5; 0,0069560 ;0,001333899;0;0,001333899;2,006881471;2,718299199
0,5069289;0,5; 0,0069289 ;0,962567228;0,966;-0,003432772;2,006909642;2,914239528
1,499952069;1,5;-0,0000479 ;1,612780828;1,616;-0,003219172;1,999940471;3,146786228
1,006911058;1; 0,0069111 ;0,112584086;0,116;-0,003415914;2,006880858;2,857042586
0,506929429;0,5; 0,0069294 ;0,728643828;0,732;-0,003356172;1,999967875;3,904434028
1,506903587;1,5; 0,0069036 ;1,49669115;1,5;-0,00330885;1,999940531;2,94150175
1,499948297;1,5;-0,0000517 ;0,001378099;0;0,001378099;2,006895142;3,258077099
1,506899093;1,5; 0,0068991 ;0,462803092;0,466;-0,003196908;2,006882958;3,212238592
1,506896429;1,5; 0,0068964 ;1,962673557;1,966;-0,003326443;1,999933995;2,961189057
1,506902111;1,5; 0,0069021 ;1,962635933;1,966;-0,003364067;1,999938066;2,755585833
1,506868858;1,5; 0,0068689 ;1,728692386;1,732;-0,003307614;2,006856587;3,623064586
1,006887742;1; 0,0068877 ;0,996776357;1;-0,003223643;2,0068565;3,583117757
0,999999154;1;-0,0000008 ;0,228672499;0,232;-0,003327501;2,006885569;3,108923599
0,506929315;0,5; 0,0069293 ;0,112734815;0,116;-0,003265185;2,006917222;2,834088115
0,506928229;0,5; 0,0069282 ;0,112781799;0,116;-0,003218201;2,006881736;3,418596599
1,006881173;1; 0,0068812 ;0,112582943;0,116;-0,003417057;1,999912231;3,125133343
1,499949362;1,5;-0,0000506 ;0,462602128;0,466;-0,003397872;1,99993508;3,430210028
0,999962191;1;-0,0000378 ;0,228733008;0,232;-0,003266992;2,00687888;3,900940608
0,999995651;1;-0,0000043 ;0,001354464;0;0,001354464;2,006907827;3,015721264
1,006917662;1; 0,0069177 ;1,112659292;1,116;-0,003340708;2,006888813;3,276205192
0,999965069;1;-0,0000349 ;1,228656499;1,232;-0,003343501;2,006923354;3,025381199
1,006907371;1; 0,0069074 ;1,462773635;1,466;-0,003226365;1,999933287;3,560318935
1,499925697;1,5;-0,0000743 ;0,001385592;0;0,001385592;1,999911126;3,917240292
0,999998307;1;-0,0000017 ;1,112743635;1,116;-0,003256365;2,006886647;3,153545735
1,506928749;1,5; 0,0069287 ;0,113108735;0,116;-0,002891265;1,999941258;3,797759635
0,506930678;0,5; 0,0069307 ;0,001384606;0;0,001384606;2,006881707;2,823730106
0,506926736;0,5; 0,0069267 ;0,496701635;0,5;-0,003298365;2,006885436;2,882266735
0,499983409;0,5;-0,0000166 ;0,11256291;0,116;-0,00343709;2,006913718;3,40677041
0,499980195;0,5;-0,0000198 ;0,962733164;0,966;-0,003266836;2,006879242;2,838525564
1,499951131;1,5;-0,0000489 ;0,112691237;0,116;-0,003308763;2,006881309;3,023687237
0,506931478;0,5; 0,0069315 ;0,112673299;0,116;-0,003326701;2,006858536;2,711402899
1,506873931;1,5; 0,0068739 ;1,612751631;1,616;-0,003248369;2,006860296;2,711942031
0,499990093;0,5;-0,0000099 ;0,962706921;0,966;-0,003293079;1,999908804;3,006834121
0,506902882;0,5; 0,0069029 ;0,72874531;0,732;-0,00325469;2,006852411;3,90318361
0,499989815;0,5;-0,0000102 ;0,001398035;0;0,001398035;2,006883771;3,870412335
0,499989402;0,5;-0,0000106 ;0,612615308;0,616;-0,003384692;1,999936291;3,159617608
0,50696372;0,5; 0,0069637 ;0,496736477;0,5;-0,003263523;2,006888513;3,498897977
1,006904225;1; 0,0069042 ;1,112652141;1,116;-0,003347859;2,006872042;2,812305441
1,506902696;1,5; 0,0069027 ;0,112567059;0,116;-0,003432941;1,999942605;3,256251259
0,99999532;1;-0,0000047 ;0,228621786;0,232;-0,003378214;2,006912376;3,052520386
1,006947889;1; 0,0069479 ;1,11257657;1,116;-0,00342343;2,006890189;2,83471397
1,499986495;1,5;-0,0000135 ;0,00131545;0;0,00131545;2,006884251;3,90803565
0,499983738;0,5;-0,0000163 ;0,228615999;0,232;-0,003384001;2,006915056;3,079918699
0,5069317;0,5; 0,0069317 ;0,728655521;0,732;-0,003344479;2,006857993;2,736510821
0,499980351;0,5;-0,0000196 ;0,46256297;0,466;-0,00343703;2,006887307;2,79631907
1,506870836;1,5; 0,0068708 ;1,612710257;1,616;-0,003289743;2,006850729;3,804663857
0,499982593;0,5;-0,0000174 ;0,462644957;0,466;-0,003355043;1,999939718;2,698648557
1,506924478;1,5; 0,0069245 ;1,496579564;1,5;-0,003420436;2,0068835;2,821931164
1,499956066;1,5;-0,0000439 ;1,61267195;1,616;-0,00332805;2,0068834;3,50974565
0,500013744;0,5; 0,0000137 ;0,612569484;0,616;-0,003430516;1,999966658;3,183113484
0,499981569;0,5;-0,0000184 ;0,462751872;0,466;-0,003248128;2,006887502;2,965369872
0,999972313;1;-0,0000277 ;1,228702277;1,232;-0,003297723;2,006890056;3,690727377
1,506922942;1,5; 0,0069229 ;1,728688228;1,732;-0,003311772;1,999936544;3,665364228
1,006915705;1; 0,0069157 ;0,001332264;0;0,001332264;1,99993976;3,957730564
0,506932407;0,5; 0,0069324 ;0,496627335;0,5;-0,003372665;2,006885985;3,628892135
1,499950746;1,5;-0,0000493 ;1,728785928;1,732;-0,003214072;2,006911264;2,758587628
1,506900658;1,5; 0,0069007 ;1,612568608;1,616;-0,003431392;2,006884987;2,912444908
0,506932413;0,5; 0,0069324 ;0,496775277;0,5;-0,003224723;2,006920585;2,929963177
1,006919616;1; 0,0069196 ;1,112613197;1,116;-0,003386803;2,006886609;3,606888197
0,499982949;0,5;-0,0000171 ;0,72870975;0,732;-0,00329025;2,006888258;3,63828225
0,506861564;0,5; 0,0068616 ;0,001391892;0;0,001391892;2,006815187;2,738157092
1,506899136;1,5; 0,0068991 ;0,462630286;0,466;-0,003369714;1,99993672;3,063163886
0,506964213;0,5; 0,0069642 ;0,496570064;0,5;-0,003429936;1,999941209;3,890499764
0,999953832;1;-0,0000462 ;1,462780966;1,466;-0,003219034;2,00685946;2,928849066
0,506927142;0,5; 0,0069271 ;0,612637792;0,616;-0,003362208;2,006883471;2,706480292
1,506899607;1,5; 0,0068996 ;1,496590841;1,5;-0,003409159;2,006886342;2,982615141
1,506927771;1,5; 0,0069278 ;0,228720264;0,232;-0,003279736;2,006901393;3,367569364
1,006917985;1; 0,0069180 ;0,996630464;1;-0,003369536;2,006888122;2,924284964
1,006914511;1; 0,0069145 ;0,462659335;0,466;-0,003340665;1,999938618;3,348503935
1,00688634;1; 0,0068863 ;1,462605592;1,466;-0,003394408;2,006855864;3,134584792
1,506927695;1,5; 0,0069277 ;0,462594117;0,466;-0,003405883;1,999969157;2,924107617
0,506930858;0,5; 0,0069309 ;0,728643164;0,732;-0,003356836;2,0068814;2,799115664
0,999970078;1;-0,0000299 ;0,228727128;0,232;-0,003272872;2,006891982;3,401813128
0,499947082;0,5;-0,0000529 ;0,112678592;0,116;-0,003321408;2,006846058;2,713040892
1,506865329;1,5; 0,0068653 ;1,728662257;1,732;-0,003337743;2,006872636;2,749844857
0,499989344;0,5;-0,0000107 ;0,728744399;0,732;-0,003255601;2,006911978;3,476833299
0,499956473;0,5;-0,0000435 ;0,228684541;0,232;-0,003315459;2,006886185;3,749747841
0,506897358;0,5; 0,0068974 ;0,962640957;0,966;-0,003359043;2,006887278;3,431863957
1,499986989;1,5;-0,0000130 ;0,001298992;0;0,001298992;2,006885887;3,811876892
1,50692752;1,5; 0,0069275 ;0,462696241;0,466;-0,003303759;2,006880442;2,873024641
1,006922382;1; 0,0069224 ;1,228609199;1,232;-0,003390801;2,006893082;3,292179699
0,506927171;0,5; 0,0069272 ;0,612743735;0,616;-0,003256265;1,999935495;2,765534635
1,506897715;1,5; 0,0068977 ;0,228760586;0,232;-0,003239414;2,006885622;2,753891286
0,506957971;0,5; 0,0069580 ;0,496580528;0,5;-0,003419472;1,999962473;2,933644628
0,999998766;1;-0,0000012 ;1,46257617;1,466;-0,00342383;1,999967453;2,88492977
1,006919176;1; 0,0069192 ;0,112761628;0,116;-0,003238372;2,006886464;3,007664228
1,499984342;1,5;-0,0000157 ;0,462627406;0,466;-0,003372594;1,999974203;3,303322306
0,500009995;0,5; 0,0000100 ;0,228595315;0,232;-0,003404685;2,006914436;2,750808015
1,506896218;1,5; 0,0068962 ;0,228687982;0,232;-0,003312018;2,006884589;2,982387182
1,006917418;1; 0,0069174 ;0,462703999;0,466;-0,003296001;2,006887436;3,765703499
1,006917393;1; 0,0069174 ;0,462680621;0,466;-0,003319379;2,006885171;2,845055821
1,499981685;1,5;-0,0000183 ;1,962565764;1,966;-0,003434236;1,999940513;3,889410664
0,506929013;0,5; 0,0069290 ;0,612678012;0,616;-0,003321988;2,006884149;3,094604312
1,006910882;1; 0,0069109 ;0,996703364;1;-0,003296636;1,999937791;2,965319664
0,499979795;0,5;-0,0000202 ;0,462684115;0,466;-0,003315885;2,00688208;3,325435415
1,499957742;1,5;-0,0000423 ;0,112728099;0,116;-0,003271901;1,999939309;2,965591399
0,499983315;0,5;-0,0000167 ;0,462627928;0,466;-0,003372072;2,006879951;3,380083628
1,506896971;1,5; 0,0068970 ;0,001380335;0;0,001380335;2,006884927;3,207829735
0,999969722;1;-0,0000303 ;0,001318735;0;0,001318735;2,0068839;2,807355835
0,499987997;0,5;-0,0000120 ;0,112664621;0,116;-0,003335379;2,006888422;3,311340621
1,506864693;1,5; 0,0068647 ;0,001343892;0;0,001343892;2,006849464;2,981853192
0,506958551;0,5; 0,0069586 ;0,728675201;0,732;-0,003324799;2,006878202;3,223018401
0,500024641;0,5; 0,0000246 ;0,001395761;0;0,001395761;2,006883105;3,128873761
0,506958378;0,5; 0,0069584 ;0,496777964;0,5;-0,003222036;2,006888978;3,652788864
1,506897964;1,5; 0,0068980 ;1,496708421;1,5;-0,003291579;2,006885764;3,209231221
0,506924829;0,5; 0,0069248 ;0,228785186;0,232;-0,003214814;1,999936266;3,595151886
0,999972564;1;-0,0000274 ;0,112584957;0,116;-0,003415043;2,006851727;2,882460757
0,506899736;0,5; 0,0068997 ;0,228753528;0,232;-0,003246472;2,0068834;3,283701228
1,506923813;1,5; 0,0069238 ;0,462771899;0,466;-0,003228101;1,99993516;2,857661499
1,506901629;1,5; 0,0069016 ;0,228583521;0,232;-0,003416479;1,999938397;2,778575421
1,506895593;1,5; 0,0068956 ;0,112654415;0,116;-0,003345585;1,99993204;2,831258315
1,506864687;1,5; 0,0068647 ;1,728657921;1,732;-0,003342079;2,006855887;2,836814721
0,499989585;0,5;-0,0000104 ;0,001377099;0;0,001377099;1,999966133;3,247935299
0,506935578;0,5; 0,0069356 ;0,496778106;0,5;-0,003221894;1,999971982;2,778166806
1,00694726;1; 0,0069473 ;1,11268467;1,116;-0,00331533;1,999936064;2,74541947
1,499958609;1,5;-0,0000414 ;1,612772064;1,616;-0,003227936;2,006884385;2,855719964
1,506898522;1,5; 0,0068985 ;0,462667321;0,466;-0,003332679;1,999965718;2,887734621
0,49995796;0,5;-0,0000420 ;0,001331757;0;0,001331757;1,999915773;3,722863857
0,506927271;0,5; 0,0069273 ;0,496699535;0,5;-0,003300465;1,999940638;3,106103535
0,506925829;0,5; 0,0069258 ;0,462700986;0,466;-0,003299014;2,006880473;3,492105886
0,506935842;0,5; 0,0069358 ;0,962611612;0,966;-0,003388388;2,006885936;2,748175112
1,006912127;1; 0,0069121 ;0,112699364;0,116;-0,003300636;1,999978672;2,853671264
0,506925615;0,5; 0,0069256 ;0,612727092;0,616;-0,003272908;1,999936118;3,103570492
1,506868893;1,5; 0,0068689 ;0,001324457;0;0,001324457;2,006881536;3,541886857
1,506872436;1,5; 0,0068724 ;1,496715564;1,5;-0,003284436;1,99990716;3,104614964
1,506898171;1,5; 0,0068982 ;1,728777541;1,732;-0,003222459;1,999936633;2,846057441
1,506904471;1,5; 0,0069045 ;0,228604935;0,232;-0,003395065;1,999944849;3,284350935
0,999968796;1;-0,0000312 ;1,462760269;1,466;-0,003239731;2,006853481;3,356514169
1,506898193;1,5; 0,0068982 ;1,728621957;1,732;-0,003378043;2,006882987;3,453113557
1,506902385;1,5; 0,0069024 ;0,112768135;0,116;-0,003231865;2,006856942;3,931854735
0,506901858;0,5; 0,0069019 ;0,612575357;0,616;-0,003424643;2,006852822;2,764042457
0,999961966;1;-0,0000380 ;0,462665235;0,466;-0,003334765;2,006879271;3,373470435
1,506903929;1,5; 0,0069039 ;0,112581828;0,116;-0,003418172;2,006888864;3,201368128
1,006915585;1; 0,0069156 ;0,22868787;0,232;-0,00331213;1,999952243;3,32759907
0,99997142;1;-0,0000286 ;1,112764857;1,116;-0,003235143;2,006887642;3,451175757
1,006917878;1; 0,0069179 ;0,228774641;0,232;-0,003225359;2,006883649;3,481838441
1,506897513;1,5; 0,0068975 ;0,228694757;0,232;-0,003305243;2,006886542;2,898319557
1,0069119;1; 0,0069119 ;0,001451586;0;0,001451586;2,0068549;3,810538786
1,506899466;1,5; 0,0068995 ;0,001267272;0;0,001267272;1,999963935;3,464757672
1,506900249;1,5; 0,0069002 ;1,612728128;1,616;-0,003271872;2,006854893;2,836262828
0,506928736;0,5; 0,0069287 ;0,496737757;0,5;-0,003262243;1,999937704;3,480866257
0,499981375;0,5;-0,0000186 ;0,11267895;0,116;-0,00332105;1,99993796;2,94206235
1,506903836;1,5; 0,0069038 ;1,96259337;1,966;-0,00340663;2,006884907;2,97884177
0,506927715;0,5; 0,0069277 ;0,462719815;0,466;-0,003280185;2,006916936;3,512329515
0,506902664;0,5; 0,0069027 ;0,001372192;0;0,001372192;2,006858264;3,566906392
1,5069257;1,5; 0,0069257 ;0,112794157;0,116;-0,003205843;2,006883529;3,755403057
1,006920007;1; 0,0069200 ;0,996582457;1;-0,003417543;2,0068826;3,043819357
0,506922936;0,5; 0,0069229 ;0,228745806;0,232;-0,003254194;2,006912413;2,788599606
1,006917115;1; 0,0069171 ;0,112651208;0,116;-0,003348792;2,006886122;3,113189708
1,506906336;1,5; 0,0069063 ;0,228578892;0,232;-0,003421108;2,006888229;2,709715192
1,006912822;1; 0,0069128 ;0,99675941;1;-0,00324059;2,006881358;3,09175101
0,500016925;0,5; 0,0000169 ;0,612594661;0,616;-0,003405339;2,006919298;3,232508061
1,499953462;1,5;-0,0000465 ;0,001369028;0;0,001369028;1,999939527;3,465823628
0,506956671;0,5; 0,0069567 ;0,496763235;0,5;-0,003236765;2,006885042;3,325517535
1,506871873;1,5; 0,0068719 ;0,112731772;0,116;-0,003268228;2,006850444;3,111155072
0,506932793;0,5; 0,0069328 ;0,462784586;0,466;-0,003215414;2,006886187;3,130962686
1,506895878;1,5; 0,0068959 ;0,462667228;0,466;-0,003332772;2,006852464;2,707609628
0,506931058;0,5; 0,0069311 ;0,228891121;0,232;-0,003108879;1,999936231;3,668676621
1,006918654;1; 0,0069187 ;0,228737535;0,232;-0,003262465;2,006884607;2,782699635
1,506901893;1,5; 0,0069019 ;1,728693386;1,732;-0,003306614;2,0069236;3,310484186
0,506931242;0,5; 0,0069312 ;0,112635135;0,116;-0,003364865;2,006912378;3,048890035
1,506924273;1,5; 0,0069243 ;1,728749388;1,732;-0,003250612;2,006885302;3,645973988
1,00691234;1; 0,0069123 ;1,462618121;1,466;-0,003381879;2,006880993;3,049638421
0,506935534;0,5; 0,0069355 ;0,001344199;0;0,001344199;2,006889098;3,351187299
1,506894815;1,5; 0,0068948 ;1,962603015;1,966;-0,003396985;2,006883251;3,702842315
1,506895151;1,5; 0,0068952 ;0,462642415;0,466;-0,003357585;2,006908258;2,938892015
1,006920898;1; 0,0069209 ;1,462612208;1,466;-0,003387792;2,00688912;3,174850508
1,506923258;1,5; 0,0069233 ;1,496727721;1,5;-0,003272279;2,0069212;2,929588921
1,5069012;1,5; 0,0069012 ;1,962623364;1,966;-0,003376636;2,006889436;3,078321164
1,506896993;1,5; 0,0068970 ;0,228820357;0,232;-0,003179643;2,006910913;3,009797857
1,506896038;1,5; 0,0068960 ;1,49684691;1,5;-0,00315309;2,006855711;2,84027151
1,006915834;1; 0,0069158 ;0,228812361;0,232;-0,003187639;2,006880762;3,231945661
0,500014766;0,5; 0,0000148 ;0,228679679;0,232;-0,003320321;2,006888151;3,358242379
1,006918382;1; 0,0069184 ;0,001396599;0;0,001396599;2,006888142;2,782231099
1,499952489;1,5;-0,0000475 ;1,612621092;1,616;-0,003378908;2,006887442;2,898211092
0,506928215;0,5; 0,0069282 ;0,22861075;0,232;-0,00338925;2,006884229;3,82999915
0,506904558;0,5; 0,0069046 ;0,496583421;0,5;-0,003416579;2,006855064;3,020246321
0,506926324;0,5; 0,0069263 ;0,962576052;0,966;-0,003423948;2,006877653;3,162821752
1,499955009;1,5;-0,0000450 ;1,728613186;1,732;-0,003386814;1,999943544;2,883864486
0,506953351;0,5; 0,0069534 ;0,11271615;0,116;-0,00328385;1,999938604;2,72957655
1,00694402;1; 0,0069440 ;1,228589141;1,232;-0,003410859;1,9999783;3,313903741
1,006909634;1; 0,0069096 ;1,462708386;1,466;-0,003291614;1,999943723;3,955803886
1,006912182;1; 0,0069122 ;0,996629257;1;-0,003370743;2,006860505;2,989511657
1,006908985;1; 0,0069090 ;1,228727628;1,232;-0,003272372;2,0068821;3,244202828
0,506904707;0,5; 0,0069047 ;0,496652135;0,5;-0,003347865;1,999914078;3,140438235
1,506865015;1,5; 0,0068650 ;1,496647943;1,5;-0,003352057;2,006851644;3,219884043
0,999975178;1;-0,0000248 ;0,112601621;0,116;-0,003398379;2,00689074;2,794109321
0,999965402;1;-0,0000346 ;0,462644415;0,466;-0,003355585;1,99993814;2,993655415
1,006943431;1; 0,0069434 ;0,462674506;0,466;-0,003325494;1,99994923;2,720108106
0,506928436;0,5; 0,0069284 ;0,728680435;0,732;-0,003319565;1,999936915;2,744854535
0,50689578;0,5; 0,0068958 ;0,962669001;0,966;-0,003330999;2,006848273;3,492988201
1,506908196;1,5; 0,0069082 ;0,003115382;0;0,003115382;2,006859154;3,534657182
1,506867458;1,5; 0,0068675 ;0,112670557;0,116;-0,003329443;2,006854887;2,969174357
0,9999648;1;-0,0000352 ;0,462606915;0,466;-0,003393085;2,006883762;3,386060715
0,999970522;1;-0,0000295 ;0,11270397;0,116;-0,00329603;2,006880836;3,55636477
1,5069003;1,5; 0,0069003 ;0,001408999;0;0,001408999;1,999940602;2,832359399
1,006916282;1; 0,0069163 ;0,001304899;0;0,001304899;2,006883671;3,422651499
0,5069053;0,5; 0,0069053 ;0,962784228;0,966;-0,003215772;2,006856564;3,422936528
0,499985193;0,5;-0,0000148 ;0,462671212;0,466;-0,003328788;2,006888249;3,199973312
0,499984709;0,5;-0,0000153 ;0,61274625;0,616;-0,00325375;2,006881751;2,93595285
1,499953046;1,5;-0,0000470 ;0,22862387;0,232;-0,00337613;2,006915713;2,71263347
0,499980544;0,5;-0,0000195 ;0,462628592;0,466;-0,003371408;2,0068821;3,936952292
1,006892293;1; 0,0068923 ;1,228680892;1,232;-0,003319108;2,0068898;2,888826992
1,506870593;1,5; 0,0068706 ;0,462745821;0,466;-0,003254179;2,006853293;2,772573821
1,00691864;1; 0,0069186 ;0,462583157;0,466;-0,003416843;1,999940358;3,882677457
1,006880764;1; 0,0068808 ;0,996633792;1;-0,003366208;2,006849158;3,636205492
1,506902213;1,5; 0,0069022 ;0,112673212;0,116;-0,003326788;2,006883549;3,124457812
1,506928249;1,5; 0,0069282 ;1,49657447;1,5;-0,00342553;2,006911249;3,12651727
0,999968709;1;-0,0000313 ;1,462755943;1,466;-0,003244057;1,999912073;3,472989143
1,006886222;1; 0,0068862 ;0,996724315;1;-0,003275685;2,006856344;2,757916715
1,499957298;1,5;-0,0000427 ;1,962760835;1,966;-0,003239165;1,999940691;3,000244535
0,499954751;0,5;-0,0000452 ;0,962665892;0,966;-0,003334108;1,99991134;3,365532792
1,00694716;1; 0,0069472 ;1,463733899;1,466;-0,002266101;1,999947369;2,971408299
1,506897215;1,5; 0,0068972 ;1,962754966;1,966;-0,003245034;1,999963926;3,643831366
1,499956136;1,5;-0,0000439 ;0,11265057;0,116;-0,00334943;1,999940715;3,44011357
1,506902836;1,5; 0,0069028 ;0,228686735;0,232;-0,003313265;2,006884;3,462254735
1,006913605;1; 0,0069136 ;0,996670957;1;-0,003329043;2,006882987;2,899123757
1,006921485;1; 0,0069215 ;0,996696821;1;-0,003303179;2,006886887;2,861067821
0,999971858;1;-0,0000281 ;1,228766841;1,232;-0,003233159;1,999934551;3,757675241
0,506928742;0,5; 0,0069287 ;0,46263707;0,466;-0,00336293;2,006883071;3,30358097
1,00692004;1; 0,0069200 ;0,46259507;0,466;-0,00340493;1,99994198;3,83252297
1,506928478;1,5; 0,0069285 ;1,728766999;1,732;-0,003233001;2,006878864;2,877842399
0,999938413;1;-0,0000616 ;1,228759979;1,232;-0,003240021;1,999910936;3,524154879
1,506897829;1,5; 0,0068978 ;1,496615592;1,5;-0,003384408;2,006876351;3,220895392
0,999969487;1;-0,0000305 ;0,462687235;0,466;-0,003312765;2,006883705;2,906844335
0,506905093;0,5; 0,0069051 ;0,728598221;0,732;-0,003401779;2,006860822;2,860239521
1,506923331;1,5; 0,0069233 ;1,962628523;1,966;-0,003371477;1,999932264;3,635612123
0,506924978;0,5; 0,0069250 ;0,001448664;0;0,001448664;2,006879136;3,256429364
0,499981404;0,5;-0,0000186 ;0,962733306;0,966;-0,003266694;2,006887042;3,499460706
1,5069303;1,5; 0,0069303 ;1,612790221;1,616;-0,003209779;2,006881193;3,514313221
1,006888176;1; 0,0068882 ;1,462764064;1,466;-0,003235936;2,006858305;2,876491564
1,499957869;1,5;-0,0000421 ;0,228673188;0,232;-0,003326812;2,006883867;2,825205588
0,499953466;0,5;-0,0000465 ;0,612592486;0,616;-0,003407514;1,999908482;2,923465686
0,506932536;0,5; 0,0069325 ;0,962709899;0,966;-0,003290101;2,006889564;2,904778999
0,506900515;0,5; 0,0069005 ;0,001280079;0;0,001280079;1,999939297;3,404450679
1,006916493;1; 0,0069165 ;0,001298886;0;0,001298886;2,006884658;2,901276786
1,006887505;1; 0,0068875 ;1,22877735;1,232;-0,00322265;2,006855456;2,89773675
0,506958193;0,5; 0,0069582 ;0,728634108;0,732;-0,003365892;1,999941727;3,083487408
1,006919447;1; 0,0069194 ;0,996691828;1;-0,003308172;1,999939136;3,927058528
1,006915491;1; 0,0069155 ;0,996592399;1;-0,003407601;1,999965824;3,110176399
1,506893871;1,5; 0,0068939 ;0,112644999;0,116;-0,003355001;1,999935744;3,091928799
1,006913354;1; 0,0069134 ;0,228698492;0,232;-0,003301508;2,00688584;3,374160592
1,006910571;1; 0,0069106 ;1,228821128;1,232;-0,003178872;2,006880093;3,212079228
1,506903164;1,5; 0,0069032 ;0,001332428;0;0,001332428;2,006885636;3,148114028
0,506924022;0,5; 0,0069240 ;0,462731686;0,466;-0,003268314;2,006908371;3,319158586
1,506894587;1,5; 0,0068946 ;0,112653808;0,116;-0,003346192;1,99990122;3,059920108
0,499952309;0,5;-0,0000477 ;0,228619292;0,232;-0,003380708;2,0068568;3,131909292
1,506903085;1,5; 0,0069031 ;0,001371548;0;0,001371548;1,999944169;3,842336648
1,50692448;1,5; 0,0069245 ;0,462713637;0,466;-0,003286363;2,006885844;3,855147437
0,999968098;1;-0,0000319 ;0,00133357;0;0,00133357;2,006885196;3,58108777
1,506930713;1,5; 0,0069307 ;1,496791135;1,5;-0,003208865;2,006889942;2,767270635
1,499984744;1,5;-0,0000153 ;0,112623764;0,116;-0,003376236;1,999934591;3,584388464
1,506900464;1,5; 0,0069005 ;0,462603943;0,466;-0,003396057;2,006849609;3,627586943
1,506900013;1,5; 0,0069000 ;0,001357477;0;0,001357477;1,999939202;2,707519877
0,499958171;0,5;-0,0000418 ;0,728566457;0,732;-0,003433543;1,999911415;3,789073457
